2026-01-23 06:48:18,987:WARNING:/opt/conda/lib/python3.10/site-packages/IPython/core/formatters.py:344: FutureWarning: Index.format is deprecated and will be removed in a future version. Convert using index.astype(str) or index.map(formatter) instead.
  return method()

2026-01-23 06:48:18,989:WARNING:/opt/conda/lib/python3.10/site-packages/IPython/core/formatters.py:344: FutureWarning: RangeIndex.format is deprecated and will be removed in a future version. Convert using index.astype(str) or index.map(formatter) instead.
  return method()

2026-01-23 06:53:06,988:WARNING:/opt/conda/lib/python3.10/site-packages/IPython/core/formatters.py:344: FutureWarning: Index.format is deprecated and will be removed in a future version. Convert using index.astype(str) or index.map(formatter) instead.
  return method()

2026-01-23 06:53:06,990:WARNING:/opt/conda/lib/python3.10/site-packages/IPython/core/formatters.py:344: FutureWarning: RangeIndex.format is deprecated and will be removed in a future version. Convert using index.astype(str) or index.map(formatter) instead.
  return method()

2026-01-23 07:03:13,088:WARNING:/opt/conda/lib/python3.10/site-packages/IPython/core/formatters.py:344: FutureWarning: Index.format is deprecated and will be removed in a future version. Convert using index.astype(str) or index.map(formatter) instead.
  return method()

2026-01-23 07:03:13,091:WARNING:/opt/conda/lib/python3.10/site-packages/IPython/core/formatters.py:344: FutureWarning: RangeIndex.format is deprecated and will be removed in a future version. Convert using index.astype(str) or index.map(formatter) instead.
  return method()

2026-01-23 07:13:09,931:WARNING:/opt/conda/lib/python3.10/site-packages/IPython/core/formatters.py:344: FutureWarning: Index.format is deprecated and will be removed in a future version. Convert using index.astype(str) or index.map(formatter) instead.
  return method()

2026-01-23 07:13:09,934:WARNING:/opt/conda/lib/python3.10/site-packages/IPython/core/formatters.py:344: FutureWarning: RangeIndex.format is deprecated and will be removed in a future version. Convert using index.astype(str) or index.map(formatter) instead.
  return method()

2026-01-23 07:36:34,090:WARNING:
'cuml' is a soft dependency and not included in the pycaret installation. Please run: `pip install cuml` to install.
2026-01-23 07:36:34,090:WARNING:
'cuml' is a soft dependency and not included in the pycaret installation. Please run: `pip install cuml` to install.
2026-01-23 07:36:34,090:WARNING:
'cuml' is a soft dependency and not included in the pycaret installation. Please run: `pip install cuml` to install.
2026-01-23 07:36:34,090:WARNING:
'cuml' is a soft dependency and not included in the pycaret installation. Please run: `pip install cuml` to install.
2026-01-23 07:36:34,162:INFO:PyCaret RegressionExperiment
2026-01-23 07:36:34,162:INFO:Logging name: reg-default-name
2026-01-23 07:36:34,162:INFO:ML Usecase: MLUsecase.REGRESSION
2026-01-23 07:36:34,162:INFO:version 3.2.0
2026-01-23 07:36:34,162:INFO:Initializing setup()
2026-01-23 07:36:34,162:INFO:self.USI: 8570
2026-01-23 07:36:34,162:INFO:self._variable_keys: {'fold_groups_param', '_ml_usecase', 'seed', 'log_plots_param', 'pipeline', 'exp_id', 'data', 'USI', '_available_plots', 'html_param', 'idx', 'y_train', 'exp_name_log', 'logging_param', 'X_train', 'memory', 'gpu_param', 'y_test', 'fold_shuffle_param', 'X', 'X_test', 'transform_target_param', 'fold_generator', 'y', 'gpu_n_jobs_param', 'n_jobs_param', 'target_param'}
2026-01-23 07:36:34,162:INFO:Checking environment
2026-01-23 07:36:34,162:INFO:python_version: 3.10.13
2026-01-23 07:36:34,162:INFO:python_build: ('main', 'Sep 11 2023 13:44:35')
2026-01-23 07:36:34,162:INFO:machine: x86_64
2026-01-23 07:36:34,162:INFO:platform: Linux-5.4.0-166-generic-x86_64-with-glibc2.31
2026-01-23 07:36:34,162:INFO:Memory: svmem(total=270172102656, available=258199076864, percent=4.4, used=9057734656, free=181898846208, active=21345103872, inactive=54387789824, buffers=2195001344, cached=77020520448, shared=820072448, slab=10875764736)
2026-01-23 07:36:34,163:INFO:Physical Core: 32
2026-01-23 07:36:34,163:INFO:Logical Core: 64
2026-01-23 07:36:34,163:INFO:Checking libraries
2026-01-23 07:36:34,163:INFO:System:
2026-01-23 07:36:34,163:INFO:    python: 3.10.13 (main, Sep 11 2023, 13:44:35) [GCC 11.2.0]
2026-01-23 07:36:34,163:INFO:executable: /data/ephemeral/home/py310/bin/python
2026-01-23 07:36:34,164:INFO:   machine: Linux-5.4.0-166-generic-x86_64-with-glibc2.31
2026-01-23 07:36:34,164:INFO:PyCaret required dependencies:
2026-01-23 07:36:34,528:INFO:                 pip: 23.2.1
2026-01-23 07:36:34,528:INFO:          setuptools: 68.0.0
2026-01-23 07:36:34,528:INFO:             pycaret: 3.2.0
2026-01-23 07:36:34,528:INFO:             IPython: 8.15.0
2026-01-23 07:36:34,528:INFO:          ipywidgets: 8.1.1
2026-01-23 07:36:34,528:INFO:                tqdm: 4.66.1
2026-01-23 07:36:34,528:INFO:               numpy: 1.23.5
2026-01-23 07:36:34,528:INFO:              pandas: 1.5.3
2026-01-23 07:36:34,528:INFO:              jinja2: 3.1.2
2026-01-23 07:36:34,528:INFO:               scipy: 1.10.1
2026-01-23 07:36:34,528:INFO:              joblib: 1.3.2
2026-01-23 07:36:34,528:INFO:             sklearn: 1.2.2
2026-01-23 07:36:34,528:INFO:                pyod: 2.0.6
2026-01-23 07:36:34,528:INFO:            imblearn: 0.12.4
2026-01-23 07:36:34,528:INFO:   category_encoders: 2.7.0
2026-01-23 07:36:34,528:INFO:            lightgbm: 4.6.0
2026-01-23 07:36:34,528:INFO:               numba: 0.58.1
2026-01-23 07:36:34,528:INFO:            requests: 2.31.0
2026-01-23 07:36:34,528:INFO:          matplotlib: 3.7.1
2026-01-23 07:36:34,528:INFO:          scikitplot: 0.3.7
2026-01-23 07:36:34,528:INFO:         yellowbrick: 1.5
2026-01-23 07:36:34,529:INFO:              plotly: 5.24.1
2026-01-23 07:36:34,529:INFO:    plotly-resampler: Not installed
2026-01-23 07:36:34,529:INFO:             kaleido: 1.2.0
2026-01-23 07:36:34,529:INFO:           schemdraw: 0.15
2026-01-23 07:36:34,529:INFO:         statsmodels: 0.14.0
2026-01-23 07:36:34,529:INFO:              sktime: 0.21.1
2026-01-23 07:36:34,529:INFO:               tbats: 1.1.3
2026-01-23 07:36:34,529:INFO:            pmdarima: 2.0.4
2026-01-23 07:36:34,529:INFO:              psutil: 5.9.0
2026-01-23 07:36:34,529:INFO:          markupsafe: 2.1.1
2026-01-23 07:36:34,529:INFO:             pickle5: Not installed
2026-01-23 07:36:34,529:INFO:         cloudpickle: 2.2.1
2026-01-23 07:36:34,529:INFO:         deprecation: 2.1.0
2026-01-23 07:36:34,529:INFO:              xxhash: 3.6.0
2026-01-23 07:36:34,529:INFO:           wurlitzer: 3.1.1
2026-01-23 07:36:34,529:INFO:PyCaret optional dependencies:
2026-01-23 07:36:36,451:INFO:                shap: 0.44.1
2026-01-23 07:36:36,452:INFO:           interpret: 0.6.6
2026-01-23 07:36:36,452:INFO:                umap: 0.5.7
2026-01-23 07:36:36,452:INFO:     ydata_profiling: 4.6.0
2026-01-23 07:36:36,452:INFO:  explainerdashboard: 0.5.1
2026-01-23 07:36:36,452:INFO:             autoviz: 0.1.902
2026-01-23 07:36:36,452:INFO:           fairlearn: 0.7.0
2026-01-23 07:36:36,452:INFO:          deepchecks: 0.19.1
2026-01-23 07:36:36,452:INFO:             xgboost: 1.6.2
2026-01-23 07:36:36,452:INFO:            catboost: 1.2.8
2026-01-23 07:36:36,452:INFO:              kmodes: 0.12.2
2026-01-23 07:36:36,452:INFO:             mlxtend: 0.23.4
2026-01-23 07:36:36,452:INFO:       statsforecast: 1.5.0
2026-01-23 07:36:36,452:INFO:        tune_sklearn: 0.5.0
2026-01-23 07:36:36,452:INFO:                 ray: 2.52.1
2026-01-23 07:36:36,452:INFO:            hyperopt: 0.2.7
2026-01-23 07:36:36,452:INFO:              optuna: 4.7.0
2026-01-23 07:36:36,452:INFO:               skopt: 0.10.2
2026-01-23 07:36:36,452:INFO:              mlflow: 3.8.1
2026-01-23 07:36:36,452:INFO:              gradio: 3.50.2
2026-01-23 07:36:36,452:INFO:             fastapi: 0.125.0
2026-01-23 07:36:36,452:INFO:             uvicorn: 0.40.0
2026-01-23 07:36:36,452:INFO:              m2cgen: 0.10.0
2026-01-23 07:36:36,452:INFO:           evidently: 0.2.8
2026-01-23 07:36:36,452:INFO:               fugue: 0.8.6
2026-01-23 07:36:36,452:INFO:           streamlit: 1.52.2
2026-01-23 07:36:36,452:INFO:             prophet: Not installed
2026-01-23 07:36:36,452:INFO:None
2026-01-23 07:36:36,452:INFO:Set up data.
2026-01-23 07:36:36,484:INFO:Set up folding strategy.
2026-01-23 07:36:36,484:INFO:Set up train/test split.
2026-01-23 07:36:36,494:INFO:Set up index.
2026-01-23 07:36:36,495:INFO:Assigning column types.
2026-01-23 07:36:36,500:INFO:Engine successfully changes for model 'lr' to 'sklearn'.
2026-01-23 07:36:36,501:INFO:Engine for model 'lasso' has not been set explicitly, hence returning None.
2026-01-23 07:36:36,504:INFO:Engine for model 'ridge' has not been set explicitly, hence returning None.
2026-01-23 07:36:36,508:INFO:Engine for model 'en' has not been set explicitly, hence returning None.
2026-01-23 07:36:36,561:INFO:Engine for model 'svm' has not been set explicitly, hence returning None.
2026-01-23 07:36:36,598:INFO:Engine for model 'knn' has not been set explicitly, hence returning None.
2026-01-23 07:36:36,599:INFO:Soft dependency imported: xgboost: 1.6.2
2026-01-23 07:36:36,611:INFO:Soft dependency imported: catboost: 1.2.8
2026-01-23 07:36:36,620:INFO:Engine for model 'lasso' has not been set explicitly, hence returning None.
2026-01-23 07:36:36,624:INFO:Engine for model 'ridge' has not been set explicitly, hence returning None.
2026-01-23 07:36:36,627:INFO:Engine for model 'en' has not been set explicitly, hence returning None.
2026-01-23 07:36:36,680:INFO:Engine for model 'svm' has not been set explicitly, hence returning None.
2026-01-23 07:36:36,718:INFO:Engine for model 'knn' has not been set explicitly, hence returning None.
2026-01-23 07:36:36,718:INFO:Soft dependency imported: xgboost: 1.6.2
2026-01-23 07:36:36,720:INFO:Soft dependency imported: catboost: 1.2.8
2026-01-23 07:36:36,720:INFO:Engine successfully changes for model 'lasso' to 'sklearn'.
2026-01-23 07:36:36,724:INFO:Engine for model 'ridge' has not been set explicitly, hence returning None.
2026-01-23 07:36:36,728:INFO:Engine for model 'en' has not been set explicitly, hence returning None.
2026-01-23 07:36:36,782:INFO:Engine for model 'svm' has not been set explicitly, hence returning None.
2026-01-23 07:36:36,819:INFO:Engine for model 'knn' has not been set explicitly, hence returning None.
2026-01-23 07:36:36,820:INFO:Soft dependency imported: xgboost: 1.6.2
2026-01-23 07:36:36,822:INFO:Soft dependency imported: catboost: 1.2.8
2026-01-23 07:36:36,826:INFO:Engine for model 'ridge' has not been set explicitly, hence returning None.
2026-01-23 07:36:36,830:INFO:Engine for model 'en' has not been set explicitly, hence returning None.
2026-01-23 07:36:36,883:INFO:Engine for model 'svm' has not been set explicitly, hence returning None.
2026-01-23 07:36:36,921:INFO:Engine for model 'knn' has not been set explicitly, hence returning None.
2026-01-23 07:36:36,923:INFO:Soft dependency imported: xgboost: 1.6.2
2026-01-23 07:36:36,926:INFO:Soft dependency imported: catboost: 1.2.8
2026-01-23 07:36:36,926:INFO:Engine successfully changes for model 'ridge' to 'sklearn'.
2026-01-23 07:36:36,934:INFO:Engine for model 'en' has not been set explicitly, hence returning None.
2026-01-23 07:36:36,987:INFO:Engine for model 'svm' has not been set explicitly, hence returning None.
2026-01-23 07:36:37,024:INFO:Engine for model 'knn' has not been set explicitly, hence returning None.
2026-01-23 07:36:37,025:INFO:Soft dependency imported: xgboost: 1.6.2
2026-01-23 07:36:37,027:INFO:Soft dependency imported: catboost: 1.2.8
2026-01-23 07:36:37,035:INFO:Engine for model 'en' has not been set explicitly, hence returning None.
2026-01-23 07:36:37,089:INFO:Engine for model 'svm' has not been set explicitly, hence returning None.
2026-01-23 07:36:37,126:INFO:Engine for model 'knn' has not been set explicitly, hence returning None.
2026-01-23 07:36:37,126:INFO:Soft dependency imported: xgboost: 1.6.2
2026-01-23 07:36:37,129:INFO:Soft dependency imported: catboost: 1.2.8
2026-01-23 07:36:37,129:INFO:Engine successfully changes for model 'en' to 'sklearn'.
2026-01-23 07:36:37,189:INFO:Engine for model 'svm' has not been set explicitly, hence returning None.
2026-01-23 07:36:37,227:INFO:Engine for model 'knn' has not been set explicitly, hence returning None.
2026-01-23 07:36:37,227:INFO:Soft dependency imported: xgboost: 1.6.2
2026-01-23 07:36:37,229:INFO:Soft dependency imported: catboost: 1.2.8
2026-01-23 07:36:37,290:INFO:Engine for model 'svm' has not been set explicitly, hence returning None.
2026-01-23 07:36:37,337:INFO:Engine for model 'knn' has not been set explicitly, hence returning None.
2026-01-23 07:36:37,338:INFO:Soft dependency imported: xgboost: 1.6.2
2026-01-23 07:36:37,340:INFO:Soft dependency imported: catboost: 1.2.8
2026-01-23 07:36:37,340:INFO:Engine successfully changes for model 'knn' to 'sklearn'.
2026-01-23 07:36:37,401:INFO:Engine for model 'svm' has not been set explicitly, hence returning None.
2026-01-23 07:36:37,439:INFO:Soft dependency imported: xgboost: 1.6.2
2026-01-23 07:36:37,441:INFO:Soft dependency imported: catboost: 1.2.8
2026-01-23 07:36:37,502:INFO:Engine for model 'svm' has not been set explicitly, hence returning None.
2026-01-23 07:36:37,540:INFO:Soft dependency imported: xgboost: 1.6.2
2026-01-23 07:36:37,542:INFO:Soft dependency imported: catboost: 1.2.8
2026-01-23 07:36:37,542:INFO:Engine successfully changes for model 'svm' to 'sklearn'.
2026-01-23 07:36:37,640:INFO:Soft dependency imported: xgboost: 1.6.2
2026-01-23 07:36:37,642:INFO:Soft dependency imported: catboost: 1.2.8
2026-01-23 07:36:37,742:INFO:Soft dependency imported: xgboost: 1.6.2
2026-01-23 07:36:37,744:INFO:Soft dependency imported: catboost: 1.2.8
2026-01-23 07:36:37,745:INFO:Preparing preprocessing pipeline...
2026-01-23 07:36:37,745:INFO:Set up simple imputation.
2026-01-23 07:36:37,751:INFO:Set up encoding of categorical features.
2026-01-23 07:36:38,003:INFO:Finished creating preprocessing pipeline.
2026-01-23 07:36:38,010:INFO:Pipeline: Pipeline(memory=FastMemory(location=/tmp/joblib),
         steps=[('numerical_imputer',
                 TransformerWrapper(include=['area_m2', 'built_year',
                                             'contract_yyyymm', 'floor',
                                             'total_units', 'parking_spaces',
                                             'year'],
                                    transformer=SimpleImputer())),
                ('categorical_imputer',
                 TransformerWrapper(include=['sigungu', 'apartment_name',
                                             'district'],
                                    transformer=SimpleImputer(strategy='most_frequent'))),
                ('onehot_encoding',
                 TransformerWrapper(include=['district'],
                                    transformer=OneHotEncoder(cols=['district'],
                                                              handle_missing='return_nan',
                                                              use_cat_names=True))),
                ('rest_encoding',
                 TransformerWrapper(include=['sigungu', 'apartment_name'],
                                    transformer=TargetEncoder(cols=['sigungu',
                                                                    'apartment_name'],
                                                              handle_missing='return_nan')))])
2026-01-23 07:36:38,010:INFO:Creating final display dataframe.
2026-01-23 07:36:38,459:INFO:Setup _display_container:                     Description             Value
0                    Session id                42
1                        Target     price_10k_krw
2                   Target type        Regression
3           Original data shape       (99995, 11)
4        Transformed data shape       (99995, 35)
5   Transformed train set shape       (69996, 35)
6    Transformed test set shape       (29999, 35)
7              Numeric features                 7
8          Categorical features                 3
9      Rows with missing values             77.3%
10                   Preprocess              True
11              Imputation type            simple
12           Numeric imputation              mean
13       Categorical imputation              mode
14     Maximum one-hot encoding                25
15              Encoding method              None
16               Fold Generator             KFold
17                  Fold Number                10
18                     CPU Jobs                -1
19                      Use GPU             False
20               Log Experiment             False
21              Experiment Name  reg-default-name
22                          USI              8570
2026-01-23 07:36:38,564:INFO:Soft dependency imported: xgboost: 1.6.2
2026-01-23 07:36:38,567:INFO:Soft dependency imported: catboost: 1.2.8
2026-01-23 07:36:38,667:INFO:Soft dependency imported: xgboost: 1.6.2
2026-01-23 07:36:38,669:INFO:Soft dependency imported: catboost: 1.2.8
2026-01-23 07:36:38,670:INFO:setup() successfully completed in 4.51s...............
2026-01-23 07:36:50,979:INFO:Initializing compare_models()
2026-01-23 07:36:50,979:INFO:compare_models(self=<pycaret.regression.oop.RegressionExperiment object at 0x7f909824f100>, include=None, fold=None, round=4, cross_validation=True, sort=RMSE, n_select=1, budget_time=None, turbo=True, errors=ignore, fit_kwargs=None, groups=None, experiment_custom_tags=None, probability_threshold=None, verbose=True, parallel=None, caller_params={'self': <pycaret.regression.oop.RegressionExperiment object at 0x7f909824f100>, 'include': None, 'exclude': None, 'fold': None, 'round': 4, 'cross_validation': True, 'sort': 'RMSE', 'n_select': 1, 'budget_time': None, 'turbo': True, 'errors': 'ignore', 'fit_kwargs': None, 'groups': None, 'experiment_custom_tags': None, 'engine': None, 'verbose': True, 'parallel': None, '__class__': <class 'pycaret.regression.oop.RegressionExperiment'>}, exclude=None)
2026-01-23 07:36:50,980:INFO:Checking exceptions
2026-01-23 07:36:50,988:INFO:Preparing display monitor
2026-01-23 07:36:51,008:INFO:Initializing Linear Regression
2026-01-23 07:36:51,008:INFO:Total runtime is 2.5192896525065104e-06 minutes
2026-01-23 07:36:51,010:INFO:SubProcess create_model() called ==================================
2026-01-23 07:36:51,010:INFO:Initializing create_model()
2026-01-23 07:36:51,010:INFO:create_model(self=<pycaret.regression.oop.RegressionExperiment object at 0x7f909824f100>, estimator=lr, fold=KFold(n_splits=10, random_state=None, shuffle=False), round=4, cross_validation=True, predict=True, fit_kwargs={}, groups=None, refit=False, probability_threshold=None, experiment_custom_tags=None, verbose=False, system=False, add_to_model_list=True, metrics=None, display=<pycaret.internal.display.display.CommonDisplay object at 0x7f8fd367acb0>, model_only=True, return_train_score=False, error_score=0.0, kwargs={})
2026-01-23 07:36:51,010:INFO:Checking exceptions
2026-01-23 07:36:51,010:INFO:Importing libraries
2026-01-23 07:36:51,010:INFO:Copying training dataset
2026-01-23 07:36:51,021:INFO:Defining folds
2026-01-23 07:36:51,021:INFO:Declaring metric variables
2026-01-23 07:36:51,023:INFO:Importing untrained model
2026-01-23 07:36:51,025:INFO:Linear Regression Imported successfully
2026-01-23 07:36:51,030:INFO:Starting cross validation
2026-01-23 07:36:51,034:INFO:Cross validating with KFold(n_splits=10, random_state=None, shuffle=False), n_jobs=-1
2026-01-23 07:36:53,470:INFO:Calculating mean and std
2026-01-23 07:36:53,472:INFO:Creating metrics dataframe
2026-01-23 07:36:53,477:INFO:Uploading results into container
2026-01-23 07:36:53,478:INFO:Uploading model into container now
2026-01-23 07:36:53,479:INFO:_master_model_container: 1
2026-01-23 07:36:53,479:INFO:_display_container: 2
2026-01-23 07:36:53,479:INFO:LinearRegression(n_jobs=-1)
2026-01-23 07:36:53,479:INFO:create_model() successfully completed......................................
2026-01-23 07:36:53,644:INFO:SubProcess create_model() end ==================================
2026-01-23 07:36:53,644:INFO:Creating metrics dataframe
2026-01-23 07:36:53,650:INFO:Initializing Lasso Regression
2026-01-23 07:36:53,650:INFO:Total runtime is 0.04403501749038696 minutes
2026-01-23 07:36:53,652:INFO:SubProcess create_model() called ==================================
2026-01-23 07:36:53,652:INFO:Initializing create_model()
2026-01-23 07:36:53,652:INFO:create_model(self=<pycaret.regression.oop.RegressionExperiment object at 0x7f909824f100>, estimator=lasso, fold=KFold(n_splits=10, random_state=None, shuffle=False), round=4, cross_validation=True, predict=True, fit_kwargs={}, groups=None, refit=False, probability_threshold=None, experiment_custom_tags=None, verbose=False, system=False, add_to_model_list=True, metrics=None, display=<pycaret.internal.display.display.CommonDisplay object at 0x7f8fd367acb0>, model_only=True, return_train_score=False, error_score=0.0, kwargs={})
2026-01-23 07:36:53,652:INFO:Checking exceptions
2026-01-23 07:36:53,652:INFO:Importing libraries
2026-01-23 07:36:53,652:INFO:Copying training dataset
2026-01-23 07:36:53,665:INFO:Defining folds
2026-01-23 07:36:53,665:INFO:Declaring metric variables
2026-01-23 07:36:53,667:INFO:Importing untrained model
2026-01-23 07:36:53,669:INFO:Lasso Regression Imported successfully
2026-01-23 07:36:53,673:INFO:Starting cross validation
2026-01-23 07:36:53,674:INFO:Cross validating with KFold(n_splits=10, random_state=None, shuffle=False), n_jobs=-1
2026-01-23 07:36:55,562:WARNING:/opt/conda/lib/python3.10/site-packages/sklearn/linear_model/_coordinate_descent.py:631: ConvergenceWarning: Objective did not converge. You might want to increase the number of iterations, check the scale of the features or consider increasing regularisation. Duality gap: 1.749e+13, tolerance: 1.349e+10
  model = cd_fast.enet_coordinate_descent(

2026-01-23 07:36:55,775:WARNING:/opt/conda/lib/python3.10/site-packages/sklearn/linear_model/_coordinate_descent.py:631: ConvergenceWarning: Objective did not converge. You might want to increase the number of iterations, check the scale of the features or consider increasing regularisation. Duality gap: 1.747e+13, tolerance: 1.354e+10
  model = cd_fast.enet_coordinate_descent(

2026-01-23 07:36:55,791:WARNING:/opt/conda/lib/python3.10/site-packages/sklearn/linear_model/_coordinate_descent.py:631: ConvergenceWarning: Objective did not converge. You might want to increase the number of iterations, check the scale of the features or consider increasing regularisation. Duality gap: 1.711e+13, tolerance: 1.334e+10
  model = cd_fast.enet_coordinate_descent(

2026-01-23 07:36:55,879:WARNING:/opt/conda/lib/python3.10/site-packages/sklearn/linear_model/_coordinate_descent.py:631: ConvergenceWarning: Objective did not converge. You might want to increase the number of iterations, check the scale of the features or consider increasing regularisation. Duality gap: 1.760e+13, tolerance: 1.373e+10
  model = cd_fast.enet_coordinate_descent(

2026-01-23 07:36:55,951:WARNING:/opt/conda/lib/python3.10/site-packages/sklearn/linear_model/_coordinate_descent.py:631: ConvergenceWarning: Objective did not converge. You might want to increase the number of iterations, check the scale of the features or consider increasing regularisation. Duality gap: 1.768e+13, tolerance: 1.367e+10
  model = cd_fast.enet_coordinate_descent(

2026-01-23 07:36:56,272:WARNING:/opt/conda/lib/python3.10/site-packages/sklearn/linear_model/_coordinate_descent.py:631: ConvergenceWarning: Objective did not converge. You might want to increase the number of iterations, check the scale of the features or consider increasing regularisation. Duality gap: 1.741e+13, tolerance: 1.355e+10
  model = cd_fast.enet_coordinate_descent(

2026-01-23 07:36:56,532:WARNING:/opt/conda/lib/python3.10/site-packages/sklearn/linear_model/_coordinate_descent.py:631: ConvergenceWarning: Objective did not converge. You might want to increase the number of iterations, check the scale of the features or consider increasing regularisation. Duality gap: 1.749e+13, tolerance: 1.355e+10
  model = cd_fast.enet_coordinate_descent(

2026-01-23 07:36:56,629:WARNING:/opt/conda/lib/python3.10/site-packages/sklearn/linear_model/_coordinate_descent.py:631: ConvergenceWarning: Objective did not converge. You might want to increase the number of iterations, check the scale of the features or consider increasing regularisation. Duality gap: 1.747e+13, tolerance: 1.351e+10
  model = cd_fast.enet_coordinate_descent(

2026-01-23 07:36:56,702:WARNING:/opt/conda/lib/python3.10/site-packages/sklearn/linear_model/_coordinate_descent.py:631: ConvergenceWarning: Objective did not converge. You might want to increase the number of iterations, check the scale of the features or consider increasing regularisation. Duality gap: 1.726e+13, tolerance: 1.342e+10
  model = cd_fast.enet_coordinate_descent(

2026-01-23 07:36:56,801:WARNING:/opt/conda/lib/python3.10/site-packages/sklearn/linear_model/_coordinate_descent.py:631: ConvergenceWarning: Objective did not converge. You might want to increase the number of iterations, check the scale of the features or consider increasing regularisation. Duality gap: 1.760e+13, tolerance: 1.373e+10
  model = cd_fast.enet_coordinate_descent(

2026-01-23 07:36:56,835:INFO:Calculating mean and std
2026-01-23 07:36:56,836:INFO:Creating metrics dataframe
2026-01-23 07:36:56,841:INFO:Uploading results into container
2026-01-23 07:36:56,841:INFO:Uploading model into container now
2026-01-23 07:36:56,842:INFO:_master_model_container: 2
2026-01-23 07:36:56,842:INFO:_display_container: 2
2026-01-23 07:36:56,842:INFO:Lasso(random_state=42)
2026-01-23 07:36:56,842:INFO:create_model() successfully completed......................................
2026-01-23 07:36:56,998:INFO:SubProcess create_model() end ==================================
2026-01-23 07:36:56,998:INFO:Creating metrics dataframe
2026-01-23 07:36:57,004:INFO:Initializing Ridge Regression
2026-01-23 07:36:57,004:INFO:Total runtime is 0.09994506041208903 minutes
2026-01-23 07:36:57,007:INFO:SubProcess create_model() called ==================================
2026-01-23 07:36:57,007:INFO:Initializing create_model()
2026-01-23 07:36:57,007:INFO:create_model(self=<pycaret.regression.oop.RegressionExperiment object at 0x7f909824f100>, estimator=ridge, fold=KFold(n_splits=10, random_state=None, shuffle=False), round=4, cross_validation=True, predict=True, fit_kwargs={}, groups=None, refit=False, probability_threshold=None, experiment_custom_tags=None, verbose=False, system=False, add_to_model_list=True, metrics=None, display=<pycaret.internal.display.display.CommonDisplay object at 0x7f8fd367acb0>, model_only=True, return_train_score=False, error_score=0.0, kwargs={})
2026-01-23 07:36:57,007:INFO:Checking exceptions
2026-01-23 07:36:57,007:INFO:Importing libraries
2026-01-23 07:36:57,007:INFO:Copying training dataset
2026-01-23 07:36:57,018:INFO:Defining folds
2026-01-23 07:36:57,019:INFO:Declaring metric variables
2026-01-23 07:36:57,021:INFO:Importing untrained model
2026-01-23 07:36:57,024:INFO:Ridge Regression Imported successfully
2026-01-23 07:36:57,028:INFO:Starting cross validation
2026-01-23 07:36:57,029:INFO:Cross validating with KFold(n_splits=10, random_state=None, shuffle=False), n_jobs=-1
2026-01-23 07:36:57,532:INFO:Calculating mean and std
2026-01-23 07:36:57,534:INFO:Creating metrics dataframe
2026-01-23 07:36:57,537:INFO:Uploading results into container
2026-01-23 07:36:57,538:INFO:Uploading model into container now
2026-01-23 07:36:57,539:INFO:_master_model_container: 3
2026-01-23 07:36:57,539:INFO:_display_container: 2
2026-01-23 07:36:57,539:INFO:Ridge(random_state=42)
2026-01-23 07:36:57,539:INFO:create_model() successfully completed......................................
2026-01-23 07:36:57,693:INFO:SubProcess create_model() end ==================================
2026-01-23 07:36:57,693:INFO:Creating metrics dataframe
2026-01-23 07:36:57,699:INFO:Initializing Elastic Net
2026-01-23 07:36:57,699:INFO:Total runtime is 0.11152396996816 minutes
2026-01-23 07:36:57,701:INFO:SubProcess create_model() called ==================================
2026-01-23 07:36:57,701:INFO:Initializing create_model()
2026-01-23 07:36:57,702:INFO:create_model(self=<pycaret.regression.oop.RegressionExperiment object at 0x7f909824f100>, estimator=en, fold=KFold(n_splits=10, random_state=None, shuffle=False), round=4, cross_validation=True, predict=True, fit_kwargs={}, groups=None, refit=False, probability_threshold=None, experiment_custom_tags=None, verbose=False, system=False, add_to_model_list=True, metrics=None, display=<pycaret.internal.display.display.CommonDisplay object at 0x7f8fd367acb0>, model_only=True, return_train_score=False, error_score=0.0, kwargs={})
2026-01-23 07:36:57,702:INFO:Checking exceptions
2026-01-23 07:36:57,702:INFO:Importing libraries
2026-01-23 07:36:57,702:INFO:Copying training dataset
2026-01-23 07:36:57,713:INFO:Defining folds
2026-01-23 07:36:57,713:INFO:Declaring metric variables
2026-01-23 07:36:57,716:INFO:Importing untrained model
2026-01-23 07:36:57,718:INFO:Elastic Net Imported successfully
2026-01-23 07:36:57,721:INFO:Starting cross validation
2026-01-23 07:36:57,722:INFO:Cross validating with KFold(n_splits=10, random_state=None, shuffle=False), n_jobs=-1
2026-01-23 07:36:59,447:INFO:Calculating mean and std
2026-01-23 07:36:59,448:INFO:Creating metrics dataframe
2026-01-23 07:36:59,452:INFO:Uploading results into container
2026-01-23 07:36:59,453:INFO:Uploading model into container now
2026-01-23 07:36:59,453:INFO:_master_model_container: 4
2026-01-23 07:36:59,453:INFO:_display_container: 2
2026-01-23 07:36:59,454:INFO:ElasticNet(random_state=42)
2026-01-23 07:36:59,454:INFO:create_model() successfully completed......................................
2026-01-23 07:36:59,605:INFO:SubProcess create_model() end ==================================
2026-01-23 07:36:59,605:INFO:Creating metrics dataframe
2026-01-23 07:36:59,612:INFO:Initializing Least Angle Regression
2026-01-23 07:36:59,612:INFO:Total runtime is 0.14340131680170695 minutes
2026-01-23 07:36:59,614:INFO:SubProcess create_model() called ==================================
2026-01-23 07:36:59,614:INFO:Initializing create_model()
2026-01-23 07:36:59,614:INFO:create_model(self=<pycaret.regression.oop.RegressionExperiment object at 0x7f909824f100>, estimator=lar, fold=KFold(n_splits=10, random_state=None, shuffle=False), round=4, cross_validation=True, predict=True, fit_kwargs={}, groups=None, refit=False, probability_threshold=None, experiment_custom_tags=None, verbose=False, system=False, add_to_model_list=True, metrics=None, display=<pycaret.internal.display.display.CommonDisplay object at 0x7f8fd367acb0>, model_only=True, return_train_score=False, error_score=0.0, kwargs={})
2026-01-23 07:36:59,614:INFO:Checking exceptions
2026-01-23 07:36:59,614:INFO:Importing libraries
2026-01-23 07:36:59,614:INFO:Copying training dataset
2026-01-23 07:36:59,625:INFO:Defining folds
2026-01-23 07:36:59,626:INFO:Declaring metric variables
2026-01-23 07:36:59,628:INFO:Importing untrained model
2026-01-23 07:36:59,630:INFO:Least Angle Regression Imported successfully
2026-01-23 07:36:59,634:INFO:Starting cross validation
2026-01-23 07:36:59,635:INFO:Cross validating with KFold(n_splits=10, random_state=None, shuffle=False), n_jobs=-1
2026-01-23 07:37:00,143:INFO:Calculating mean and std
2026-01-23 07:37:00,145:INFO:Creating metrics dataframe
2026-01-23 07:37:00,148:INFO:Uploading results into container
2026-01-23 07:37:00,149:INFO:Uploading model into container now
2026-01-23 07:37:00,149:INFO:_master_model_container: 5
2026-01-23 07:37:00,149:INFO:_display_container: 2
2026-01-23 07:37:00,150:INFO:Lars(random_state=42)
2026-01-23 07:37:00,150:INFO:create_model() successfully completed......................................
2026-01-23 07:37:00,302:INFO:SubProcess create_model() end ==================================
2026-01-23 07:37:00,302:INFO:Creating metrics dataframe
2026-01-23 07:37:00,309:INFO:Initializing Lasso Least Angle Regression
2026-01-23 07:37:00,309:INFO:Total runtime is 0.15502378940582276 minutes
2026-01-23 07:37:00,311:INFO:SubProcess create_model() called ==================================
2026-01-23 07:37:00,311:INFO:Initializing create_model()
2026-01-23 07:37:00,311:INFO:create_model(self=<pycaret.regression.oop.RegressionExperiment object at 0x7f909824f100>, estimator=llar, fold=KFold(n_splits=10, random_state=None, shuffle=False), round=4, cross_validation=True, predict=True, fit_kwargs={}, groups=None, refit=False, probability_threshold=None, experiment_custom_tags=None, verbose=False, system=False, add_to_model_list=True, metrics=None, display=<pycaret.internal.display.display.CommonDisplay object at 0x7f8fd367acb0>, model_only=True, return_train_score=False, error_score=0.0, kwargs={})
2026-01-23 07:37:00,312:INFO:Checking exceptions
2026-01-23 07:37:00,312:INFO:Importing libraries
2026-01-23 07:37:00,312:INFO:Copying training dataset
2026-01-23 07:37:00,323:INFO:Defining folds
2026-01-23 07:37:00,323:INFO:Declaring metric variables
2026-01-23 07:37:00,325:INFO:Importing untrained model
2026-01-23 07:37:00,327:INFO:Lasso Least Angle Regression Imported successfully
2026-01-23 07:37:00,331:INFO:Starting cross validation
2026-01-23 07:37:00,332:INFO:Cross validating with KFold(n_splits=10, random_state=None, shuffle=False), n_jobs=-1
2026-01-23 07:37:00,815:INFO:Calculating mean and std
2026-01-23 07:37:00,816:INFO:Creating metrics dataframe
2026-01-23 07:37:00,819:INFO:Uploading results into container
2026-01-23 07:37:00,819:INFO:Uploading model into container now
2026-01-23 07:37:00,820:INFO:_master_model_container: 6
2026-01-23 07:37:00,820:INFO:_display_container: 2
2026-01-23 07:37:00,821:INFO:LassoLars(random_state=42)
2026-01-23 07:37:00,821:INFO:create_model() successfully completed......................................
2026-01-23 07:37:00,975:INFO:SubProcess create_model() end ==================================
2026-01-23 07:37:00,976:INFO:Creating metrics dataframe
2026-01-23 07:37:00,982:INFO:Initializing Orthogonal Matching Pursuit
2026-01-23 07:37:00,982:INFO:Total runtime is 0.16624390681584678 minutes
2026-01-23 07:37:00,984:INFO:SubProcess create_model() called ==================================
2026-01-23 07:37:00,985:INFO:Initializing create_model()
2026-01-23 07:37:00,985:INFO:create_model(self=<pycaret.regression.oop.RegressionExperiment object at 0x7f909824f100>, estimator=omp, fold=KFold(n_splits=10, random_state=None, shuffle=False), round=4, cross_validation=True, predict=True, fit_kwargs={}, groups=None, refit=False, probability_threshold=None, experiment_custom_tags=None, verbose=False, system=False, add_to_model_list=True, metrics=None, display=<pycaret.internal.display.display.CommonDisplay object at 0x7f8fd367acb0>, model_only=True, return_train_score=False, error_score=0.0, kwargs={})
2026-01-23 07:37:00,985:INFO:Checking exceptions
2026-01-23 07:37:00,985:INFO:Importing libraries
2026-01-23 07:37:00,985:INFO:Copying training dataset
2026-01-23 07:37:00,996:INFO:Defining folds
2026-01-23 07:37:00,996:INFO:Declaring metric variables
2026-01-23 07:37:00,998:INFO:Importing untrained model
2026-01-23 07:37:01,001:INFO:Orthogonal Matching Pursuit Imported successfully
2026-01-23 07:37:01,004:INFO:Starting cross validation
2026-01-23 07:37:01,005:INFO:Cross validating with KFold(n_splits=10, random_state=None, shuffle=False), n_jobs=-1
2026-01-23 07:37:01,500:INFO:Calculating mean and std
2026-01-23 07:37:01,501:INFO:Creating metrics dataframe
2026-01-23 07:37:01,503:INFO:Uploading results into container
2026-01-23 07:37:01,503:INFO:Uploading model into container now
2026-01-23 07:37:01,503:INFO:_master_model_container: 7
2026-01-23 07:37:01,503:INFO:_display_container: 2
2026-01-23 07:37:01,504:INFO:OrthogonalMatchingPursuit()
2026-01-23 07:37:01,504:INFO:create_model() successfully completed......................................
2026-01-23 07:37:01,654:INFO:SubProcess create_model() end ==================================
2026-01-23 07:37:01,654:INFO:Creating metrics dataframe
2026-01-23 07:37:01,661:INFO:Initializing Bayesian Ridge
2026-01-23 07:37:01,661:INFO:Total runtime is 0.17755428949991864 minutes
2026-01-23 07:37:01,663:INFO:SubProcess create_model() called ==================================
2026-01-23 07:37:01,663:INFO:Initializing create_model()
2026-01-23 07:37:01,663:INFO:create_model(self=<pycaret.regression.oop.RegressionExperiment object at 0x7f909824f100>, estimator=br, fold=KFold(n_splits=10, random_state=None, shuffle=False), round=4, cross_validation=True, predict=True, fit_kwargs={}, groups=None, refit=False, probability_threshold=None, experiment_custom_tags=None, verbose=False, system=False, add_to_model_list=True, metrics=None, display=<pycaret.internal.display.display.CommonDisplay object at 0x7f8fd367acb0>, model_only=True, return_train_score=False, error_score=0.0, kwargs={})
2026-01-23 07:37:01,663:INFO:Checking exceptions
2026-01-23 07:37:01,663:INFO:Importing libraries
2026-01-23 07:37:01,663:INFO:Copying training dataset
2026-01-23 07:37:01,674:INFO:Defining folds
2026-01-23 07:37:01,675:INFO:Declaring metric variables
2026-01-23 07:37:01,677:INFO:Importing untrained model
2026-01-23 07:37:01,679:INFO:Bayesian Ridge Imported successfully
2026-01-23 07:37:01,683:INFO:Starting cross validation
2026-01-23 07:37:01,684:INFO:Cross validating with KFold(n_splits=10, random_state=None, shuffle=False), n_jobs=-1
2026-01-23 07:37:02,196:INFO:Calculating mean and std
2026-01-23 07:37:02,197:INFO:Creating metrics dataframe
2026-01-23 07:37:02,201:INFO:Uploading results into container
2026-01-23 07:37:02,202:INFO:Uploading model into container now
2026-01-23 07:37:02,202:INFO:_master_model_container: 8
2026-01-23 07:37:02,202:INFO:_display_container: 2
2026-01-23 07:37:02,203:INFO:BayesianRidge()
2026-01-23 07:37:02,203:INFO:create_model() successfully completed......................................
2026-01-23 07:37:02,354:INFO:SubProcess create_model() end ==================================
2026-01-23 07:37:02,354:INFO:Creating metrics dataframe
2026-01-23 07:37:02,361:INFO:Initializing Passive Aggressive Regressor
2026-01-23 07:37:02,361:INFO:Total runtime is 0.1892212986946106 minutes
2026-01-23 07:37:02,363:INFO:SubProcess create_model() called ==================================
2026-01-23 07:37:02,363:INFO:Initializing create_model()
2026-01-23 07:37:02,363:INFO:create_model(self=<pycaret.regression.oop.RegressionExperiment object at 0x7f909824f100>, estimator=par, fold=KFold(n_splits=10, random_state=None, shuffle=False), round=4, cross_validation=True, predict=True, fit_kwargs={}, groups=None, refit=False, probability_threshold=None, experiment_custom_tags=None, verbose=False, system=False, add_to_model_list=True, metrics=None, display=<pycaret.internal.display.display.CommonDisplay object at 0x7f8fd367acb0>, model_only=True, return_train_score=False, error_score=0.0, kwargs={})
2026-01-23 07:37:02,363:INFO:Checking exceptions
2026-01-23 07:37:02,363:INFO:Importing libraries
2026-01-23 07:37:02,363:INFO:Copying training dataset
2026-01-23 07:37:02,374:INFO:Defining folds
2026-01-23 07:37:02,375:INFO:Declaring metric variables
2026-01-23 07:37:02,377:INFO:Importing untrained model
2026-01-23 07:37:02,379:INFO:Passive Aggressive Regressor Imported successfully
2026-01-23 07:37:02,383:INFO:Starting cross validation
2026-01-23 07:37:02,384:INFO:Cross validating with KFold(n_splits=10, random_state=None, shuffle=False), n_jobs=-1
2026-01-23 07:37:03,037:INFO:Calculating mean and std
2026-01-23 07:37:03,038:INFO:Creating metrics dataframe
2026-01-23 07:37:03,042:INFO:Uploading results into container
2026-01-23 07:37:03,042:INFO:Uploading model into container now
2026-01-23 07:37:03,043:INFO:_master_model_container: 9
2026-01-23 07:37:03,043:INFO:_display_container: 2
2026-01-23 07:37:03,043:INFO:PassiveAggressiveRegressor(random_state=42)
2026-01-23 07:37:03,043:INFO:create_model() successfully completed......................................
2026-01-23 07:37:03,194:INFO:SubProcess create_model() end ==================================
2026-01-23 07:37:03,194:INFO:Creating metrics dataframe
2026-01-23 07:37:03,201:INFO:Initializing Huber Regressor
2026-01-23 07:37:03,201:INFO:Total runtime is 0.20322596232096354 minutes
2026-01-23 07:37:03,203:INFO:SubProcess create_model() called ==================================
2026-01-23 07:37:03,203:INFO:Initializing create_model()
2026-01-23 07:37:03,203:INFO:create_model(self=<pycaret.regression.oop.RegressionExperiment object at 0x7f909824f100>, estimator=huber, fold=KFold(n_splits=10, random_state=None, shuffle=False), round=4, cross_validation=True, predict=True, fit_kwargs={}, groups=None, refit=False, probability_threshold=None, experiment_custom_tags=None, verbose=False, system=False, add_to_model_list=True, metrics=None, display=<pycaret.internal.display.display.CommonDisplay object at 0x7f8fd367acb0>, model_only=True, return_train_score=False, error_score=0.0, kwargs={})
2026-01-23 07:37:03,204:INFO:Checking exceptions
2026-01-23 07:37:03,204:INFO:Importing libraries
2026-01-23 07:37:03,204:INFO:Copying training dataset
2026-01-23 07:37:03,215:INFO:Defining folds
2026-01-23 07:37:03,215:INFO:Declaring metric variables
2026-01-23 07:37:03,217:INFO:Importing untrained model
2026-01-23 07:37:03,219:INFO:Huber Regressor Imported successfully
2026-01-23 07:37:03,223:INFO:Starting cross validation
2026-01-23 07:37:03,224:INFO:Cross validating with KFold(n_splits=10, random_state=None, shuffle=False), n_jobs=-1
2026-01-23 07:37:04,877:WARNING:/opt/conda/lib/python3.10/site-packages/sklearn/linear_model/_huber.py:342: ConvergenceWarning: lbfgs failed to converge (status=1):
STOP: TOTAL NO. of ITERATIONS REACHED LIMIT.

Increase the number of iterations (max_iter) or scale the data as shown in:
    https://scikit-learn.org/stable/modules/preprocessing.html
  self.n_iter_ = _check_optimize_result("lbfgs", opt_res, self.max_iter)

2026-01-23 07:37:04,938:WARNING:/opt/conda/lib/python3.10/site-packages/sklearn/linear_model/_huber.py:342: ConvergenceWarning: lbfgs failed to converge (status=1):
STOP: TOTAL NO. of ITERATIONS REACHED LIMIT.

Increase the number of iterations (max_iter) or scale the data as shown in:
    https://scikit-learn.org/stable/modules/preprocessing.html
  self.n_iter_ = _check_optimize_result("lbfgs", opt_res, self.max_iter)

2026-01-23 07:37:05,024:WARNING:/opt/conda/lib/python3.10/site-packages/sklearn/linear_model/_huber.py:342: ConvergenceWarning: lbfgs failed to converge (status=1):
STOP: TOTAL NO. of ITERATIONS REACHED LIMIT.

Increase the number of iterations (max_iter) or scale the data as shown in:
    https://scikit-learn.org/stable/modules/preprocessing.html
  self.n_iter_ = _check_optimize_result("lbfgs", opt_res, self.max_iter)

2026-01-23 07:37:05,067:WARNING:/opt/conda/lib/python3.10/site-packages/sklearn/linear_model/_huber.py:342: ConvergenceWarning: lbfgs failed to converge (status=1):
STOP: TOTAL NO. of ITERATIONS REACHED LIMIT.

Increase the number of iterations (max_iter) or scale the data as shown in:
    https://scikit-learn.org/stable/modules/preprocessing.html
  self.n_iter_ = _check_optimize_result("lbfgs", opt_res, self.max_iter)

2026-01-23 07:37:05,105:INFO:Calculating mean and std
2026-01-23 07:37:05,106:INFO:Creating metrics dataframe
2026-01-23 07:37:05,110:INFO:Uploading results into container
2026-01-23 07:37:05,111:INFO:Uploading model into container now
2026-01-23 07:37:05,111:INFO:_master_model_container: 10
2026-01-23 07:37:05,111:INFO:_display_container: 2
2026-01-23 07:37:05,112:INFO:HuberRegressor()
2026-01-23 07:37:05,112:INFO:create_model() successfully completed......................................
2026-01-23 07:37:05,263:INFO:SubProcess create_model() end ==================================
2026-01-23 07:37:05,263:INFO:Creating metrics dataframe
2026-01-23 07:37:05,271:INFO:Initializing K Neighbors Regressor
2026-01-23 07:37:05,271:INFO:Total runtime is 0.23772497177124025 minutes
2026-01-23 07:37:05,273:INFO:SubProcess create_model() called ==================================
2026-01-23 07:37:05,273:INFO:Initializing create_model()
2026-01-23 07:37:05,273:INFO:create_model(self=<pycaret.regression.oop.RegressionExperiment object at 0x7f909824f100>, estimator=knn, fold=KFold(n_splits=10, random_state=None, shuffle=False), round=4, cross_validation=True, predict=True, fit_kwargs={}, groups=None, refit=False, probability_threshold=None, experiment_custom_tags=None, verbose=False, system=False, add_to_model_list=True, metrics=None, display=<pycaret.internal.display.display.CommonDisplay object at 0x7f8fd367acb0>, model_only=True, return_train_score=False, error_score=0.0, kwargs={})
2026-01-23 07:37:05,274:INFO:Checking exceptions
2026-01-23 07:37:05,274:INFO:Importing libraries
2026-01-23 07:37:05,274:INFO:Copying training dataset
2026-01-23 07:37:05,284:INFO:Defining folds
2026-01-23 07:37:05,285:INFO:Declaring metric variables
2026-01-23 07:37:05,287:INFO:Importing untrained model
2026-01-23 07:37:05,289:INFO:K Neighbors Regressor Imported successfully
2026-01-23 07:37:05,292:INFO:Starting cross validation
2026-01-23 07:37:05,293:INFO:Cross validating with KFold(n_splits=10, random_state=None, shuffle=False), n_jobs=-1
2026-01-23 07:37:07,634:INFO:Calculating mean and std
2026-01-23 07:37:07,635:INFO:Creating metrics dataframe
2026-01-23 07:37:07,640:INFO:Uploading results into container
2026-01-23 07:37:07,640:INFO:Uploading model into container now
2026-01-23 07:37:07,641:INFO:_master_model_container: 11
2026-01-23 07:37:07,641:INFO:_display_container: 2
2026-01-23 07:37:07,641:INFO:KNeighborsRegressor(n_jobs=-1)
2026-01-23 07:37:07,641:INFO:create_model() successfully completed......................................
2026-01-23 07:37:07,798:INFO:SubProcess create_model() end ==================================
2026-01-23 07:37:07,798:INFO:Creating metrics dataframe
2026-01-23 07:37:07,806:INFO:Initializing Decision Tree Regressor
2026-01-23 07:37:07,806:INFO:Total runtime is 0.27996912399927776 minutes
2026-01-23 07:37:07,809:INFO:SubProcess create_model() called ==================================
2026-01-23 07:37:07,810:INFO:Initializing create_model()
2026-01-23 07:37:07,810:INFO:create_model(self=<pycaret.regression.oop.RegressionExperiment object at 0x7f909824f100>, estimator=dt, fold=KFold(n_splits=10, random_state=None, shuffle=False), round=4, cross_validation=True, predict=True, fit_kwargs={}, groups=None, refit=False, probability_threshold=None, experiment_custom_tags=None, verbose=False, system=False, add_to_model_list=True, metrics=None, display=<pycaret.internal.display.display.CommonDisplay object at 0x7f8fd367acb0>, model_only=True, return_train_score=False, error_score=0.0, kwargs={})
2026-01-23 07:37:07,810:INFO:Checking exceptions
2026-01-23 07:37:07,810:INFO:Importing libraries
2026-01-23 07:37:07,810:INFO:Copying training dataset
2026-01-23 07:37:07,829:INFO:Defining folds
2026-01-23 07:37:07,829:INFO:Declaring metric variables
2026-01-23 07:37:07,831:INFO:Importing untrained model
2026-01-23 07:37:07,833:INFO:Decision Tree Regressor Imported successfully
2026-01-23 07:37:07,837:INFO:Starting cross validation
2026-01-23 07:37:07,838:INFO:Cross validating with KFold(n_splits=10, random_state=None, shuffle=False), n_jobs=-1
2026-01-23 07:37:08,717:INFO:Calculating mean and std
2026-01-23 07:37:08,719:INFO:Creating metrics dataframe
2026-01-23 07:37:08,723:INFO:Uploading results into container
2026-01-23 07:37:08,723:INFO:Uploading model into container now
2026-01-23 07:37:08,724:INFO:_master_model_container: 12
2026-01-23 07:37:08,724:INFO:_display_container: 2
2026-01-23 07:37:08,724:INFO:DecisionTreeRegressor(random_state=42)
2026-01-23 07:37:08,724:INFO:create_model() successfully completed......................................
2026-01-23 07:37:08,876:INFO:SubProcess create_model() end ==================================
2026-01-23 07:37:08,876:INFO:Creating metrics dataframe
2026-01-23 07:37:08,883:INFO:Initializing Random Forest Regressor
2026-01-23 07:37:08,883:INFO:Total runtime is 0.29792855978012084 minutes
2026-01-23 07:37:08,885:INFO:SubProcess create_model() called ==================================
2026-01-23 07:37:08,886:INFO:Initializing create_model()
2026-01-23 07:37:08,886:INFO:create_model(self=<pycaret.regression.oop.RegressionExperiment object at 0x7f909824f100>, estimator=rf, fold=KFold(n_splits=10, random_state=None, shuffle=False), round=4, cross_validation=True, predict=True, fit_kwargs={}, groups=None, refit=False, probability_threshold=None, experiment_custom_tags=None, verbose=False, system=False, add_to_model_list=True, metrics=None, display=<pycaret.internal.display.display.CommonDisplay object at 0x7f8fd367acb0>, model_only=True, return_train_score=False, error_score=0.0, kwargs={})
2026-01-23 07:37:08,886:INFO:Checking exceptions
2026-01-23 07:37:08,886:INFO:Importing libraries
2026-01-23 07:37:08,886:INFO:Copying training dataset
2026-01-23 07:37:08,897:INFO:Defining folds
2026-01-23 07:37:08,897:INFO:Declaring metric variables
2026-01-23 07:37:08,899:INFO:Importing untrained model
2026-01-23 07:37:08,901:INFO:Random Forest Regressor Imported successfully
2026-01-23 07:37:08,905:INFO:Starting cross validation
2026-01-23 07:37:08,907:INFO:Cross validating with KFold(n_splits=10, random_state=None, shuffle=False), n_jobs=-1
2026-01-23 07:37:56,230:INFO:Calculating mean and std
2026-01-23 07:37:56,231:INFO:Creating metrics dataframe
2026-01-23 07:37:56,236:INFO:Uploading results into container
2026-01-23 07:37:56,236:INFO:Uploading model into container now
2026-01-23 07:37:56,237:INFO:_master_model_container: 13
2026-01-23 07:37:56,237:INFO:_display_container: 2
2026-01-23 07:37:56,237:INFO:RandomForestRegressor(n_jobs=-1, random_state=42)
2026-01-23 07:37:56,237:INFO:create_model() successfully completed......................................
2026-01-23 07:37:56,389:INFO:SubProcess create_model() end ==================================
2026-01-23 07:37:56,389:INFO:Creating metrics dataframe
2026-01-23 07:37:56,397:INFO:Initializing Extra Trees Regressor
2026-01-23 07:37:56,397:INFO:Total runtime is 1.089824668566386 minutes
2026-01-23 07:37:56,399:INFO:SubProcess create_model() called ==================================
2026-01-23 07:37:56,399:INFO:Initializing create_model()
2026-01-23 07:37:56,399:INFO:create_model(self=<pycaret.regression.oop.RegressionExperiment object at 0x7f909824f100>, estimator=et, fold=KFold(n_splits=10, random_state=None, shuffle=False), round=4, cross_validation=True, predict=True, fit_kwargs={}, groups=None, refit=False, probability_threshold=None, experiment_custom_tags=None, verbose=False, system=False, add_to_model_list=True, metrics=None, display=<pycaret.internal.display.display.CommonDisplay object at 0x7f8fd367acb0>, model_only=True, return_train_score=False, error_score=0.0, kwargs={})
2026-01-23 07:37:56,399:INFO:Checking exceptions
2026-01-23 07:37:56,399:INFO:Importing libraries
2026-01-23 07:37:56,400:INFO:Copying training dataset
2026-01-23 07:37:56,412:INFO:Defining folds
2026-01-23 07:37:56,412:INFO:Declaring metric variables
2026-01-23 07:37:56,415:INFO:Importing untrained model
2026-01-23 07:37:56,416:INFO:Extra Trees Regressor Imported successfully
2026-01-23 07:37:56,420:INFO:Starting cross validation
2026-01-23 07:37:56,421:INFO:Cross validating with KFold(n_splits=10, random_state=None, shuffle=False), n_jobs=-1
2026-01-23 07:38:41,099:INFO:Calculating mean and std
2026-01-23 07:38:41,101:INFO:Creating metrics dataframe
2026-01-23 07:38:41,105:INFO:Uploading results into container
2026-01-23 07:38:41,105:INFO:Uploading model into container now
2026-01-23 07:38:41,106:INFO:_master_model_container: 14
2026-01-23 07:38:41,106:INFO:_display_container: 2
2026-01-23 07:38:41,106:INFO:ExtraTreesRegressor(n_jobs=-1, random_state=42)
2026-01-23 07:38:41,106:INFO:create_model() successfully completed......................................
2026-01-23 07:38:41,272:INFO:SubProcess create_model() end ==================================
2026-01-23 07:38:41,272:INFO:Creating metrics dataframe
2026-01-23 07:38:41,280:INFO:Initializing AdaBoost Regressor
2026-01-23 07:38:41,280:INFO:Total runtime is 1.8378702561060587 minutes
2026-01-23 07:38:41,282:INFO:SubProcess create_model() called ==================================
2026-01-23 07:38:41,282:INFO:Initializing create_model()
2026-01-23 07:38:41,282:INFO:create_model(self=<pycaret.regression.oop.RegressionExperiment object at 0x7f909824f100>, estimator=ada, fold=KFold(n_splits=10, random_state=None, shuffle=False), round=4, cross_validation=True, predict=True, fit_kwargs={}, groups=None, refit=False, probability_threshold=None, experiment_custom_tags=None, verbose=False, system=False, add_to_model_list=True, metrics=None, display=<pycaret.internal.display.display.CommonDisplay object at 0x7f8fd367acb0>, model_only=True, return_train_score=False, error_score=0.0, kwargs={})
2026-01-23 07:38:41,282:INFO:Checking exceptions
2026-01-23 07:38:41,282:INFO:Importing libraries
2026-01-23 07:38:41,282:INFO:Copying training dataset
2026-01-23 07:38:41,293:INFO:Defining folds
2026-01-23 07:38:41,293:INFO:Declaring metric variables
2026-01-23 07:38:41,295:INFO:Importing untrained model
2026-01-23 07:38:41,297:INFO:AdaBoost Regressor Imported successfully
2026-01-23 07:38:41,301:INFO:Starting cross validation
2026-01-23 07:38:41,302:INFO:Cross validating with KFold(n_splits=10, random_state=None, shuffle=False), n_jobs=-1
2026-01-23 07:38:46,827:INFO:Calculating mean and std
2026-01-23 07:38:46,829:INFO:Creating metrics dataframe
2026-01-23 07:38:46,833:INFO:Uploading results into container
2026-01-23 07:38:46,834:INFO:Uploading model into container now
2026-01-23 07:38:46,834:INFO:_master_model_container: 15
2026-01-23 07:38:46,834:INFO:_display_container: 2
2026-01-23 07:38:46,835:INFO:AdaBoostRegressor(random_state=42)
2026-01-23 07:38:46,835:INFO:create_model() successfully completed......................................
2026-01-23 07:38:47,003:INFO:SubProcess create_model() end ==================================
2026-01-23 07:38:47,003:INFO:Creating metrics dataframe
2026-01-23 07:38:47,011:INFO:Initializing Gradient Boosting Regressor
2026-01-23 07:38:47,011:INFO:Total runtime is 1.9333965301513671 minutes
2026-01-23 07:38:47,014:INFO:SubProcess create_model() called ==================================
2026-01-23 07:38:47,014:INFO:Initializing create_model()
2026-01-23 07:38:47,014:INFO:create_model(self=<pycaret.regression.oop.RegressionExperiment object at 0x7f909824f100>, estimator=gbr, fold=KFold(n_splits=10, random_state=None, shuffle=False), round=4, cross_validation=True, predict=True, fit_kwargs={}, groups=None, refit=False, probability_threshold=None, experiment_custom_tags=None, verbose=False, system=False, add_to_model_list=True, metrics=None, display=<pycaret.internal.display.display.CommonDisplay object at 0x7f8fd367acb0>, model_only=True, return_train_score=False, error_score=0.0, kwargs={})
2026-01-23 07:38:47,014:INFO:Checking exceptions
2026-01-23 07:38:47,014:INFO:Importing libraries
2026-01-23 07:38:47,014:INFO:Copying training dataset
2026-01-23 07:38:47,027:INFO:Defining folds
2026-01-23 07:38:47,027:INFO:Declaring metric variables
2026-01-23 07:38:47,029:INFO:Importing untrained model
2026-01-23 07:38:47,031:INFO:Gradient Boosting Regressor Imported successfully
2026-01-23 07:38:47,035:INFO:Starting cross validation
2026-01-23 07:38:47,036:INFO:Cross validating with KFold(n_splits=10, random_state=None, shuffle=False), n_jobs=-1
2026-01-23 07:38:55,921:INFO:Calculating mean and std
2026-01-23 07:38:55,924:INFO:Creating metrics dataframe
2026-01-23 07:38:55,929:INFO:Uploading results into container
2026-01-23 07:38:55,930:INFO:Uploading model into container now
2026-01-23 07:38:55,930:INFO:_master_model_container: 16
2026-01-23 07:38:55,930:INFO:_display_container: 2
2026-01-23 07:38:55,931:INFO:GradientBoostingRegressor(random_state=42)
2026-01-23 07:38:55,931:INFO:create_model() successfully completed......................................
2026-01-23 07:38:56,103:INFO:SubProcess create_model() end ==================================
2026-01-23 07:38:56,103:INFO:Creating metrics dataframe
2026-01-23 07:38:56,111:INFO:Initializing Extreme Gradient Boosting
2026-01-23 07:38:56,111:INFO:Total runtime is 2.0850577553113303 minutes
2026-01-23 07:38:56,113:INFO:SubProcess create_model() called ==================================
2026-01-23 07:38:56,114:INFO:Initializing create_model()
2026-01-23 07:38:56,114:INFO:create_model(self=<pycaret.regression.oop.RegressionExperiment object at 0x7f909824f100>, estimator=xgboost, fold=KFold(n_splits=10, random_state=None, shuffle=False), round=4, cross_validation=True, predict=True, fit_kwargs={}, groups=None, refit=False, probability_threshold=None, experiment_custom_tags=None, verbose=False, system=False, add_to_model_list=True, metrics=None, display=<pycaret.internal.display.display.CommonDisplay object at 0x7f8fd367acb0>, model_only=True, return_train_score=False, error_score=0.0, kwargs={})
2026-01-23 07:38:56,114:INFO:Checking exceptions
2026-01-23 07:38:56,114:INFO:Importing libraries
2026-01-23 07:38:56,114:INFO:Copying training dataset
2026-01-23 07:38:56,136:INFO:Defining folds
2026-01-23 07:38:56,136:INFO:Declaring metric variables
2026-01-23 07:38:56,138:INFO:Importing untrained model
2026-01-23 07:38:56,141:INFO:Extreme Gradient Boosting Imported successfully
2026-01-23 07:38:56,145:INFO:Starting cross validation
2026-01-23 07:38:56,146:INFO:Cross validating with KFold(n_splits=10, random_state=None, shuffle=False), n_jobs=-1
2026-01-23 07:39:03,605:INFO:Calculating mean and std
2026-01-23 07:39:03,606:INFO:Creating metrics dataframe
2026-01-23 07:39:03,609:INFO:Uploading results into container
2026-01-23 07:39:03,609:INFO:Uploading model into container now
2026-01-23 07:39:03,610:INFO:_master_model_container: 17
2026-01-23 07:39:03,610:INFO:_display_container: 2
2026-01-23 07:39:03,611:INFO:XGBRegressor(base_score=None, booster='gbtree', callbacks=None,
             colsample_bylevel=None, colsample_bynode=None,
             colsample_bytree=None, early_stopping_rounds=None,
             enable_categorical=False, eval_metric=None, gamma=None,
             gpu_id=None, grow_policy=None, importance_type=None,
             interaction_constraints=None, learning_rate=None, max_bin=None,
             max_cat_to_onehot=None, max_delta_step=None, max_depth=None,
             max_leaves=None, min_child_weight=None, missing=nan,
             monotone_constraints=None, n_estimators=100, n_jobs=-1,
             num_parallel_tree=None, predictor=None, random_state=42,
             reg_alpha=None, reg_lambda=None, ...)
2026-01-23 07:39:03,611:INFO:create_model() successfully completed......................................
2026-01-23 07:39:03,771:INFO:SubProcess create_model() end ==================================
2026-01-23 07:39:03,772:INFO:Creating metrics dataframe
2026-01-23 07:39:03,780:INFO:Initializing Light Gradient Boosting Machine
2026-01-23 07:39:03,780:INFO:Total runtime is 2.212871301174164 minutes
2026-01-23 07:39:03,782:INFO:SubProcess create_model() called ==================================
2026-01-23 07:39:03,782:INFO:Initializing create_model()
2026-01-23 07:39:03,782:INFO:create_model(self=<pycaret.regression.oop.RegressionExperiment object at 0x7f909824f100>, estimator=lightgbm, fold=KFold(n_splits=10, random_state=None, shuffle=False), round=4, cross_validation=True, predict=True, fit_kwargs={}, groups=None, refit=False, probability_threshold=None, experiment_custom_tags=None, verbose=False, system=False, add_to_model_list=True, metrics=None, display=<pycaret.internal.display.display.CommonDisplay object at 0x7f8fd367acb0>, model_only=True, return_train_score=False, error_score=0.0, kwargs={})
2026-01-23 07:39:03,782:INFO:Checking exceptions
2026-01-23 07:39:03,782:INFO:Importing libraries
2026-01-23 07:39:03,782:INFO:Copying training dataset
2026-01-23 07:39:03,793:INFO:Defining folds
2026-01-23 07:39:03,794:INFO:Declaring metric variables
2026-01-23 07:39:03,796:INFO:Importing untrained model
2026-01-23 07:39:03,798:INFO:Light Gradient Boosting Machine Imported successfully
2026-01-23 07:39:03,802:INFO:Starting cross validation
2026-01-23 07:39:03,803:INFO:Cross validating with KFold(n_splits=10, random_state=None, shuffle=False), n_jobs=-1
2026-01-23 07:39:16,827:INFO:Calculating mean and std
2026-01-23 07:39:16,828:INFO:Creating metrics dataframe
2026-01-23 07:39:16,830:INFO:Uploading results into container
2026-01-23 07:39:16,831:INFO:Uploading model into container now
2026-01-23 07:39:16,831:INFO:_master_model_container: 18
2026-01-23 07:39:16,831:INFO:_display_container: 2
2026-01-23 07:39:16,831:INFO:LGBMRegressor(n_jobs=-1, random_state=42)
2026-01-23 07:39:16,831:INFO:create_model() successfully completed......................................
2026-01-23 07:39:16,987:INFO:SubProcess create_model() end ==================================
2026-01-23 07:39:16,987:INFO:Creating metrics dataframe
2026-01-23 07:39:16,995:INFO:Initializing CatBoost Regressor
2026-01-23 07:39:16,996:INFO:Total runtime is 2.4331311901410424 minutes
2026-01-23 07:39:16,997:INFO:SubProcess create_model() called ==================================
2026-01-23 07:39:16,998:INFO:Initializing create_model()
2026-01-23 07:39:16,998:INFO:create_model(self=<pycaret.regression.oop.RegressionExperiment object at 0x7f909824f100>, estimator=catboost, fold=KFold(n_splits=10, random_state=None, shuffle=False), round=4, cross_validation=True, predict=True, fit_kwargs={}, groups=None, refit=False, probability_threshold=None, experiment_custom_tags=None, verbose=False, system=False, add_to_model_list=True, metrics=None, display=<pycaret.internal.display.display.CommonDisplay object at 0x7f8fd367acb0>, model_only=True, return_train_score=False, error_score=0.0, kwargs={})
2026-01-23 07:39:16,998:INFO:Checking exceptions
2026-01-23 07:39:16,998:INFO:Importing libraries
2026-01-23 07:39:16,998:INFO:Copying training dataset
2026-01-23 07:39:17,009:INFO:Defining folds
2026-01-23 07:39:17,009:INFO:Declaring metric variables
2026-01-23 07:39:17,012:INFO:Importing untrained model
2026-01-23 07:39:17,014:INFO:CatBoost Regressor Imported successfully
2026-01-23 07:39:17,017:INFO:Starting cross validation
2026-01-23 07:39:17,018:INFO:Cross validating with KFold(n_splits=10, random_state=None, shuffle=False), n_jobs=-1
2026-01-23 07:40:09,150:INFO:Calculating mean and std
2026-01-23 07:40:09,151:INFO:Creating metrics dataframe
2026-01-23 07:40:09,155:INFO:Uploading results into container
2026-01-23 07:40:09,156:INFO:Uploading model into container now
2026-01-23 07:40:09,156:INFO:_master_model_container: 19
2026-01-23 07:40:09,156:INFO:_display_container: 2
2026-01-23 07:40:09,156:INFO:<catboost.core.CatBoostRegressor object at 0x7f8da47c81c0>
2026-01-23 07:40:09,156:INFO:create_model() successfully completed......................................
2026-01-23 07:40:09,319:INFO:SubProcess create_model() end ==================================
2026-01-23 07:40:09,319:INFO:Creating metrics dataframe
2026-01-23 07:40:09,328:INFO:Initializing Dummy Regressor
2026-01-23 07:40:09,328:INFO:Total runtime is 3.305338235696157 minutes
2026-01-23 07:40:09,330:INFO:SubProcess create_model() called ==================================
2026-01-23 07:40:09,330:INFO:Initializing create_model()
2026-01-23 07:40:09,330:INFO:create_model(self=<pycaret.regression.oop.RegressionExperiment object at 0x7f909824f100>, estimator=dummy, fold=KFold(n_splits=10, random_state=None, shuffle=False), round=4, cross_validation=True, predict=True, fit_kwargs={}, groups=None, refit=False, probability_threshold=None, experiment_custom_tags=None, verbose=False, system=False, add_to_model_list=True, metrics=None, display=<pycaret.internal.display.display.CommonDisplay object at 0x7f8fd367acb0>, model_only=True, return_train_score=False, error_score=0.0, kwargs={})
2026-01-23 07:40:09,330:INFO:Checking exceptions
2026-01-23 07:40:09,330:INFO:Importing libraries
2026-01-23 07:40:09,330:INFO:Copying training dataset
2026-01-23 07:40:09,341:INFO:Defining folds
2026-01-23 07:40:09,341:INFO:Declaring metric variables
2026-01-23 07:40:09,344:INFO:Importing untrained model
2026-01-23 07:40:09,346:INFO:Dummy Regressor Imported successfully
2026-01-23 07:40:09,350:INFO:Starting cross validation
2026-01-23 07:40:09,351:INFO:Cross validating with KFold(n_splits=10, random_state=None, shuffle=False), n_jobs=-1
2026-01-23 07:40:11,434:INFO:Calculating mean and std
2026-01-23 07:40:11,435:INFO:Creating metrics dataframe
2026-01-23 07:40:11,440:INFO:Uploading results into container
2026-01-23 07:40:11,441:INFO:Uploading model into container now
2026-01-23 07:40:11,441:INFO:_master_model_container: 20
2026-01-23 07:40:11,441:INFO:_display_container: 2
2026-01-23 07:40:11,442:INFO:DummyRegressor()
2026-01-23 07:40:11,442:INFO:create_model() successfully completed......................................
2026-01-23 07:40:11,601:INFO:SubProcess create_model() end ==================================
2026-01-23 07:40:11,601:INFO:Creating metrics dataframe
2026-01-23 07:40:11,615:INFO:Initializing create_model()
2026-01-23 07:40:11,615:INFO:create_model(self=<pycaret.regression.oop.RegressionExperiment object at 0x7f909824f100>, estimator=<catboost.core.CatBoostRegressor object at 0x7f8da47c81c0>, fold=KFold(n_splits=10, random_state=None, shuffle=False), round=4, cross_validation=False, predict=False, fit_kwargs={}, groups=None, refit=True, probability_threshold=None, experiment_custom_tags=None, verbose=False, system=False, add_to_model_list=True, metrics=None, display=None, model_only=True, return_train_score=False, error_score=0.0, kwargs={})
2026-01-23 07:40:11,615:INFO:Checking exceptions
2026-01-23 07:40:11,616:INFO:Importing libraries
2026-01-23 07:40:11,616:INFO:Copying training dataset
2026-01-23 07:40:11,628:INFO:Defining folds
2026-01-23 07:40:11,628:INFO:Declaring metric variables
2026-01-23 07:40:11,628:INFO:Importing untrained model
2026-01-23 07:40:11,628:INFO:Declaring custom model
2026-01-23 07:40:11,628:INFO:CatBoost Regressor Imported successfully
2026-01-23 07:40:11,629:INFO:Cross validation set to False
2026-01-23 07:40:11,629:INFO:Fitting Model
2026-01-23 07:40:14,603:INFO:<catboost.core.CatBoostRegressor object at 0x7f8da4a8d930>
2026-01-23 07:40:14,603:INFO:create_model() successfully completed......................................
2026-01-23 07:40:14,773:INFO:_master_model_container: 20
2026-01-23 07:40:14,773:INFO:_display_container: 2
2026-01-23 07:40:14,773:INFO:<catboost.core.CatBoostRegressor object at 0x7f8da4a8d930>
2026-01-23 07:40:14,773:INFO:compare_models() successfully completed......................................
2026-01-23 07:45:29,224:INFO:Initializing tune_model()
2026-01-23 07:45:29,224:INFO:tune_model(estimator=<catboost.core.CatBoostRegressor object at 0x7f8da4a8d930>, fold=None, round=4, n_iter=10, custom_grid=None, optimize=RMSE, custom_scorer=None, search_library=scikit-learn, search_algorithm=None, early_stopping=False, early_stopping_max_iters=10, choose_better=True, fit_kwargs=None, groups=None, return_tuner=False, verbose=True, tuner_verbose=True, return_train_score=False, kwargs={}, self=<pycaret.regression.oop.RegressionExperiment object at 0x7f909824f100>)
2026-01-23 07:45:29,225:INFO:Checking exceptions
2026-01-23 07:45:29,242:INFO:Copying training dataset
2026-01-23 07:45:29,249:INFO:Checking base model
2026-01-23 07:45:29,249:INFO:Base model : CatBoost Regressor
2026-01-23 07:45:29,251:INFO:Declaring metric variables
2026-01-23 07:45:29,253:INFO:Defining Hyperparameters
2026-01-23 07:45:29,423:INFO:Tuning with n_jobs=-1
2026-01-23 07:45:29,423:INFO:Initializing RandomizedSearchCV
2026-01-23 07:46:48,285:WARNING:/opt/conda/lib/python3.10/site-packages/joblib/externals/loky/process_executor.py:752: UserWarning: A worker stopped while some jobs were given to the executor. This can be caused by a too short worker timeout or by a memory leak.

2026-01-23 07:46:57,262:INFO:best_params: {'actual_estimator__random_strength': 0.0, 'actual_estimator__n_estimators': 130, 'actual_estimator__l2_leaf_reg': 4, 'actual_estimator__eta': 0.5, 'actual_estimator__depth': 2}
2026-01-23 07:46:57,263:INFO:Hyperparameter search completed
2026-01-23 07:46:57,264:INFO:SubProcess create_model() called ==================================
2026-01-23 07:46:57,264:INFO:Initializing create_model()
2026-01-23 07:46:57,264:INFO:create_model(self=<pycaret.regression.oop.RegressionExperiment object at 0x7f909824f100>, estimator=<catboost.core.CatBoostRegressor object at 0x7f8da4a8d180>, fold=KFold(n_splits=10, random_state=None, shuffle=False), round=4, cross_validation=True, predict=True, fit_kwargs={}, groups=None, refit=True, probability_threshold=None, experiment_custom_tags=None, verbose=True, system=False, add_to_model_list=True, metrics=None, display=<pycaret.internal.display.display.CommonDisplay object at 0x7f8f23f07a30>, model_only=True, return_train_score=False, error_score=0.0, kwargs={'random_strength': 0.0, 'n_estimators': 130, 'l2_leaf_reg': 4, 'eta': 0.5, 'depth': 2})
2026-01-23 07:46:57,265:INFO:Checking exceptions
2026-01-23 07:46:57,265:INFO:Importing libraries
2026-01-23 07:46:57,265:INFO:Copying training dataset
2026-01-23 07:46:57,283:INFO:Defining folds
2026-01-23 07:46:57,283:INFO:Declaring metric variables
2026-01-23 07:46:57,287:INFO:Importing untrained model
2026-01-23 07:46:57,287:INFO:Declaring custom model
2026-01-23 07:46:57,290:INFO:CatBoost Regressor Imported successfully
2026-01-23 07:46:57,297:INFO:Starting cross validation
2026-01-23 07:46:57,298:INFO:Cross validating with KFold(n_splits=10, random_state=None, shuffle=False), n_jobs=-1
2026-01-23 07:47:02,699:INFO:Calculating mean and std
2026-01-23 07:47:02,700:INFO:Creating metrics dataframe
2026-01-23 07:47:02,706:INFO:Finalizing model
2026-01-23 07:47:03,189:INFO:Uploading results into container
2026-01-23 07:47:03,189:INFO:Uploading model into container now
2026-01-23 07:47:03,190:INFO:_master_model_container: 21
2026-01-23 07:47:03,190:INFO:_display_container: 3
2026-01-23 07:47:03,190:INFO:<catboost.core.CatBoostRegressor object at 0x7f8da4a8fdf0>
2026-01-23 07:47:03,190:INFO:create_model() successfully completed......................................
2026-01-23 07:47:03,349:INFO:SubProcess create_model() end ==================================
2026-01-23 07:47:03,350:INFO:choose_better activated
2026-01-23 07:47:03,352:INFO:SubProcess create_model() called ==================================
2026-01-23 07:47:03,352:INFO:Initializing create_model()
2026-01-23 07:47:03,352:INFO:create_model(self=<pycaret.regression.oop.RegressionExperiment object at 0x7f909824f100>, estimator=<catboost.core.CatBoostRegressor object at 0x7f8da4a8d930>, fold=KFold(n_splits=10, random_state=None, shuffle=False), round=4, cross_validation=True, predict=True, fit_kwargs={}, groups=None, refit=True, probability_threshold=None, experiment_custom_tags=None, verbose=False, system=False, add_to_model_list=True, metrics=None, display=None, model_only=True, return_train_score=False, error_score=0.0, kwargs={})
2026-01-23 07:47:03,352:INFO:Checking exceptions
2026-01-23 07:47:03,354:INFO:Importing libraries
2026-01-23 07:47:03,354:INFO:Copying training dataset
2026-01-23 07:47:03,364:INFO:Defining folds
2026-01-23 07:47:03,365:INFO:Declaring metric variables
2026-01-23 07:47:03,365:INFO:Importing untrained model
2026-01-23 07:47:03,365:INFO:Declaring custom model
2026-01-23 07:47:03,365:INFO:CatBoost Regressor Imported successfully
2026-01-23 07:47:03,365:INFO:Starting cross validation
2026-01-23 07:47:03,366:INFO:Cross validating with KFold(n_splits=10, random_state=None, shuffle=False), n_jobs=-1
2026-01-23 07:47:54,105:INFO:Calculating mean and std
2026-01-23 07:47:54,106:INFO:Creating metrics dataframe
2026-01-23 07:47:54,109:INFO:Finalizing model
2026-01-23 07:47:57,028:INFO:Uploading results into container
2026-01-23 07:47:57,028:INFO:Uploading model into container now
2026-01-23 07:47:57,028:INFO:_master_model_container: 22
2026-01-23 07:47:57,028:INFO:_display_container: 4
2026-01-23 07:47:57,028:INFO:<catboost.core.CatBoostRegressor object at 0x7f8dcaa69030>
2026-01-23 07:47:57,028:INFO:create_model() successfully completed......................................
2026-01-23 07:47:57,189:INFO:SubProcess create_model() end ==================================
2026-01-23 07:47:57,189:INFO:<catboost.core.CatBoostRegressor object at 0x7f8dcaa69030> result for RMSE is 11094.0156
2026-01-23 07:47:57,189:INFO:<catboost.core.CatBoostRegressor object at 0x7f8da4a8fdf0> result for RMSE is 14323.1497
2026-01-23 07:47:57,189:INFO:<catboost.core.CatBoostRegressor object at 0x7f8dcaa69030> is best model
2026-01-23 07:47:57,189:INFO:choose_better completed
2026-01-23 07:47:57,189:INFO:Original model was better than the tuned model, hence it will be returned. NOTE: The display metrics are for the tuned model (not the original one).
2026-01-23 07:47:57,197:INFO:_master_model_container: 22
2026-01-23 07:47:57,197:INFO:_display_container: 3
2026-01-23 07:47:57,197:INFO:<catboost.core.CatBoostRegressor object at 0x7f8dcaa69030>
2026-01-23 07:47:57,197:INFO:tune_model() successfully completed......................................
2026-01-23 07:47:57,349:INFO:Initializing finalize_model()
2026-01-23 07:47:57,349:INFO:finalize_model(self=<pycaret.regression.oop.RegressionExperiment object at 0x7f909824f100>, estimator=<catboost.core.CatBoostRegressor object at 0x7f8dcaa69030>, fit_kwargs=None, groups=None, model_only=False, experiment_custom_tags=None)
2026-01-23 07:47:57,349:INFO:Finalizing <catboost.core.CatBoostRegressor object at 0x7f8dcaa69030>
2026-01-23 07:47:57,353:INFO:Initializing create_model()
2026-01-23 07:47:57,353:INFO:create_model(self=<pycaret.regression.oop.RegressionExperiment object at 0x7f909824f100>, estimator=<catboost.core.CatBoostRegressor object at 0x7f8dcaa69030>, fold=None, round=4, cross_validation=False, predict=False, fit_kwargs={}, groups=None, refit=True, probability_threshold=None, experiment_custom_tags=None, verbose=False, system=False, add_to_model_list=False, metrics=None, display=None, model_only=False, return_train_score=False, error_score=0.0, kwargs={})
2026-01-23 07:47:57,353:INFO:Checking exceptions
2026-01-23 07:47:57,355:INFO:Importing libraries
2026-01-23 07:47:57,355:INFO:Copying training dataset
2026-01-23 07:47:57,355:INFO:Defining folds
2026-01-23 07:47:57,355:INFO:Declaring metric variables
2026-01-23 07:47:57,355:INFO:Importing untrained model
2026-01-23 07:47:57,355:INFO:Declaring custom model
2026-01-23 07:47:57,356:INFO:CatBoost Regressor Imported successfully
2026-01-23 07:47:57,357:INFO:Cross validation set to False
2026-01-23 07:47:57,357:INFO:Fitting Model
2026-01-23 07:48:01,077:INFO:Pipeline(memory=Memory(location=None),
         steps=[('numerical_imputer',
                 TransformerWrapper(include=['area_m2', 'built_year',
                                             'contract_yyyymm', 'floor',
                                             'total_units', 'parking_spaces',
                                             'year'],
                                    transformer=SimpleImputer())),
                ('categorical_imputer',
                 TransformerWrapper(include=['sigungu', 'apartment_name',
                                             'district'],
                                    transformer=SimpleImputer(strategy='most_frequen...
                 TransformerWrapper(include=['district'],
                                    transformer=OneHotEncoder(cols=['district'],
                                                              handle_missing='return_nan',
                                                              use_cat_names=True))),
                ('rest_encoding',
                 TransformerWrapper(include=['sigungu', 'apartment_name'],
                                    transformer=TargetEncoder(cols=['sigungu',
                                                                    'apartment_name'],
                                                              handle_missing='return_nan'))),
                ('actual_estimator',
                 <catboost.core.CatBoostRegressor object at 0x7f8da47c8580>)])
2026-01-23 07:48:01,077:INFO:create_model() successfully completed......................................
2026-01-23 07:48:01,228:INFO:_master_model_container: 22
2026-01-23 07:48:01,228:INFO:_display_container: 3
2026-01-23 07:48:01,234:INFO:Pipeline(memory=Memory(location=None),
         steps=[('numerical_imputer',
                 TransformerWrapper(include=['area_m2', 'built_year',
                                             'contract_yyyymm', 'floor',
                                             'total_units', 'parking_spaces',
                                             'year'],
                                    transformer=SimpleImputer())),
                ('categorical_imputer',
                 TransformerWrapper(include=['sigungu', 'apartment_name',
                                             'district'],
                                    transformer=SimpleImputer(strategy='most_frequen...
                 TransformerWrapper(include=['district'],
                                    transformer=OneHotEncoder(cols=['district'],
                                                              handle_missing='return_nan',
                                                              use_cat_names=True))),
                ('rest_encoding',
                 TransformerWrapper(include=['sigungu', 'apartment_name'],
                                    transformer=TargetEncoder(cols=['sigungu',
                                                                    'apartment_name'],
                                                              handle_missing='return_nan'))),
                ('actual_estimator',
                 <catboost.core.CatBoostRegressor object at 0x7f8da47c8580>)])
2026-01-23 07:48:01,234:INFO:finalize_model() successfully completed......................................
2026-01-23 07:57:55,959:INFO:Initializing plot_model()
2026-01-23 07:57:55,960:INFO:plot_model(plot=residuals, fold=None, verbose=True, display=None, display_format=None, estimator=<catboost.core.CatBoostRegressor object at 0x7f8dcaa69030>, feature_name=None, fit_kwargs=None, groups=None, label=False, plot_kwargs=None, save=False, scale=1, self=<pycaret.regression.oop.RegressionExperiment object at 0x7f909824f100>, system=True)
2026-01-23 07:57:55,960:INFO:Checking exceptions
2026-01-23 07:57:55,969:INFO:Preloading libraries
2026-01-23 07:57:55,971:INFO:Copying training dataset
2026-01-23 07:57:55,971:INFO:Plot type: residuals
2026-01-23 07:57:56,296:INFO:Fitting Model
2026-01-23 07:57:56,350:INFO:Scoring test/hold-out set
2026-01-23 07:57:56,401:WARNING:findfont: Generic family 'sans-serif' not found because none of the following families were found: Arial, Liberation Sans, Bitstream Vera Sans, sans-serif
2026-01-23 07:57:56,402:WARNING:findfont: Generic family 'sans-serif' not found because none of the following families were found: Arial, Liberation Sans, Bitstream Vera Sans, sans-serif
2026-01-23 07:57:56,403:WARNING:findfont: Generic family 'sans-serif' not found because none of the following families were found: Arial, Liberation Sans, Bitstream Vera Sans, sans-serif
2026-01-23 07:57:56,403:WARNING:findfont: Generic family 'sans-serif' not found because none of the following families were found: Arial, Liberation Sans, Bitstream Vera Sans, sans-serif
2026-01-23 07:57:56,404:WARNING:findfont: Generic family 'sans-serif' not found because none of the following families were found: Arial, Liberation Sans, Bitstream Vera Sans, sans-serif
2026-01-23 07:57:56,405:WARNING:findfont: Generic family 'sans-serif' not found because none of the following families were found: Arial, Liberation Sans, Bitstream Vera Sans, sans-serif
2026-01-23 07:57:56,405:WARNING:findfont: Generic family 'sans-serif' not found because none of the following families were found: Arial, Liberation Sans, Bitstream Vera Sans, sans-serif
2026-01-23 07:57:56,407:WARNING:findfont: Generic family 'sans-serif' not found because none of the following families were found: Arial, Liberation Sans, Bitstream Vera Sans, sans-serif
2026-01-23 07:57:56,408:WARNING:findfont: Generic family 'sans-serif' not found because none of the following families were found: Arial, Liberation Sans, Bitstream Vera Sans, sans-serif
2026-01-23 07:57:56,409:WARNING:findfont: Generic family 'sans-serif' not found because none of the following families were found: Arial, Liberation Sans, Bitstream Vera Sans, sans-serif
2026-01-23 07:57:56,410:WARNING:findfont: Generic family 'sans-serif' not found because none of the following families were found: Arial, Liberation Sans, Bitstream Vera Sans, sans-serif
2026-01-23 07:57:56,488:WARNING:findfont: Generic family 'sans-serif' not found because none of the following families were found: Arial, Liberation Sans, Bitstream Vera Sans, sans-serif
2026-01-23 07:57:56,489:WARNING:findfont: Generic family 'sans-serif' not found because none of the following families were found: Arial, Liberation Sans, Bitstream Vera Sans, sans-serif
2026-01-23 07:57:56,490:WARNING:findfont: Generic family 'sans-serif' not found because none of the following families were found: Arial, Liberation Sans, Bitstream Vera Sans, sans-serif
2026-01-23 07:57:56,490:WARNING:findfont: Generic family 'sans-serif' not found because none of the following families were found: Arial, Liberation Sans, Bitstream Vera Sans, sans-serif
2026-01-23 07:57:56,491:WARNING:findfont: Generic family 'sans-serif' not found because none of the following families were found: Arial, Liberation Sans, Bitstream Vera Sans, sans-serif
2026-01-23 07:57:56,491:WARNING:findfont: Generic family 'sans-serif' not found because none of the following families were found: Arial, Liberation Sans, Bitstream Vera Sans, sans-serif
2026-01-23 07:57:56,494:WARNING:findfont: Generic family 'sans-serif' not found because none of the following families were found: Arial, Liberation Sans, Bitstream Vera Sans, sans-serif
2026-01-23 07:57:56,495:WARNING:findfont: Generic family 'sans-serif' not found because none of the following families were found: Arial, Liberation Sans, Bitstream Vera Sans, sans-serif
2026-01-23 07:57:56,503:WARNING:findfont: Generic family 'sans-serif' not found because none of the following families were found: Arial, Liberation Sans, Bitstream Vera Sans, sans-serif
2026-01-23 07:57:56,504:WARNING:findfont: Font family ['sans-serif'] not found. Falling back to DejaVu Sans.
2026-01-23 07:57:56,504:WARNING:findfont: Generic family 'sans-serif' not found because none of the following families were found: Arial, Liberation Sans, Bitstream Vera Sans, sans-serif
2026-01-23 07:57:56,532:WARNING:findfont: Generic family 'sans-serif' not found because none of the following families were found: Arial, Liberation Sans, Bitstream Vera Sans, sans-serif
2026-01-23 07:57:56,571:WARNING:findfont: Generic family 'sans-serif' not found because none of the following families were found: Arial, Liberation Sans, Bitstream Vera Sans, sans-serif
2026-01-23 07:57:56,572:WARNING:findfont: Generic family 'sans-serif' not found because none of the following families were found: Arial, Liberation Sans, Bitstream Vera Sans, sans-serif
2026-01-23 07:57:56,608:WARNING:findfont: Generic family 'sans-serif' not found because none of the following families were found: Arial, Liberation Sans, Bitstream Vera Sans, sans-serif
2026-01-23 07:57:56,608:WARNING:findfont: Generic family 'sans-serif' not found because none of the following families were found: Arial, Liberation Sans, Bitstream Vera Sans, sans-serif
2026-01-23 07:57:56,609:WARNING:findfont: Generic family 'sans-serif' not found because none of the following families were found: Arial, Liberation Sans, Bitstream Vera Sans, sans-serif
2026-01-23 07:57:56,609:WARNING:findfont: Generic family 'sans-serif' not found because none of the following families were found: Arial, Liberation Sans, Bitstream Vera Sans, sans-serif
2026-01-23 07:57:56,610:WARNING:findfont: Generic family 'sans-serif' not found because none of the following families were found: Arial, Liberation Sans, Bitstream Vera Sans, sans-serif
2026-01-23 07:57:56,611:WARNING:findfont: Generic family 'sans-serif' not found because none of the following families were found: Arial, Liberation Sans, Bitstream Vera Sans, sans-serif
2026-01-23 07:57:56,613:WARNING:findfont: Generic family 'sans-serif' not found because none of the following families were found: Arial, Liberation Sans, Bitstream Vera Sans, sans-serif
2026-01-23 07:57:56,615:WARNING:findfont: Generic family 'sans-serif' not found because none of the following families were found: Arial, Liberation Sans, Bitstream Vera Sans, sans-serif
2026-01-23 07:57:56,642:WARNING:findfont: Generic family 'sans-serif' not found because none of the following families were found: Arial, Liberation Sans, Bitstream Vera Sans, sans-serif
2026-01-23 07:57:56,643:WARNING:findfont: Generic family 'sans-serif' not found because none of the following families were found: Arial, Liberation Sans, Bitstream Vera Sans, sans-serif
2026-01-23 07:57:56,686:WARNING:findfont: Generic family 'sans-serif' not found because none of the following families were found: Arial, Liberation Sans, Bitstream Vera Sans, sans-serif
2026-01-23 07:57:56,687:WARNING:findfont: Generic family 'sans-serif' not found because none of the following families were found: Arial, Liberation Sans, Bitstream Vera Sans, sans-serif
2026-01-23 07:57:56,733:WARNING:findfont: Generic family 'sans-serif' not found because none of the following families were found: Arial, Liberation Sans, Bitstream Vera Sans, sans-serif
2026-01-23 07:57:56,733:WARNING:findfont: Generic family 'sans-serif' not found because none of the following families were found: Arial, Liberation Sans, Bitstream Vera Sans, sans-serif
2026-01-23 07:57:56,778:WARNING:findfont: Generic family 'sans-serif' not found because none of the following families were found: Arial, Liberation Sans, Bitstream Vera Sans, sans-serif
2026-01-23 07:57:56,779:WARNING:findfont: Generic family 'sans-serif' not found because none of the following families were found: Arial, Liberation Sans, Bitstream Vera Sans, sans-serif
2026-01-23 07:57:56,779:WARNING:findfont: Generic family 'sans-serif' not found because none of the following families were found: Arial, Liberation Sans, Bitstream Vera Sans, sans-serif
2026-01-23 07:57:56,780:WARNING:findfont: Generic family 'sans-serif' not found because none of the following families were found: Arial, Liberation Sans, Bitstream Vera Sans, sans-serif
2026-01-23 07:57:56,780:WARNING:findfont: Generic family 'sans-serif' not found because none of the following families were found: Arial, Liberation Sans, Bitstream Vera Sans, sans-serif
2026-01-23 07:57:56,781:WARNING:findfont: Generic family 'sans-serif' not found because none of the following families were found: Arial, Liberation Sans, Bitstream Vera Sans, sans-serif
2026-01-23 07:57:56,781:WARNING:findfont: Generic family 'sans-serif' not found because none of the following families were found: Arial, Liberation Sans, Bitstream Vera Sans, sans-serif
2026-01-23 07:57:56,783:WARNING:findfont: Generic family 'sans-serif' not found because none of the following families were found: Arial, Liberation Sans, Bitstream Vera Sans, sans-serif
2026-01-23 07:57:56,783:WARNING:findfont: Generic family 'sans-serif' not found because none of the following families were found: Arial, Liberation Sans, Bitstream Vera Sans, sans-serif
2026-01-23 07:57:56,784:WARNING:findfont: Generic family 'sans-serif' not found because none of the following families were found: Arial, Liberation Sans, Bitstream Vera Sans, sans-serif
2026-01-23 07:57:56,784:WARNING:findfont: Generic family 'sans-serif' not found because none of the following families were found: Arial, Liberation Sans, Bitstream Vera Sans, sans-serif
2026-01-23 07:57:56,786:WARNING:findfont: Generic family 'sans-serif' not found because none of the following families were found: Arial, Liberation Sans, Bitstream Vera Sans, sans-serif
2026-01-23 07:57:56,787:WARNING:findfont: Generic family 'sans-serif' not found because none of the following families were found: Arial, Liberation Sans, Bitstream Vera Sans, sans-serif
2026-01-23 07:57:56,787:WARNING:findfont: Generic family 'sans-serif' not found because none of the following families were found: Arial, Liberation Sans, Bitstream Vera Sans, sans-serif
2026-01-23 07:57:56,788:WARNING:findfont: Generic family 'sans-serif' not found because none of the following families were found: Arial, Liberation Sans, Bitstream Vera Sans, sans-serif
2026-01-23 07:57:56,788:WARNING:findfont: Generic family 'sans-serif' not found because none of the following families were found: Arial, Liberation Sans, Bitstream Vera Sans, sans-serif

2026-01-23 07:57:56,788:WARNING:findfont: Generic family 'sans-serif' not found because none of the following families were found: Arial, Liberation Sans, Bitstream Vera Sans, sans-serif
2026-01-23 07:57:56,789:WARNING:findfont: Generic family 'sans-serif' not found because none of the following families were found: Arial, Liberation Sans, Bitstream Vera Sans, sans-serif
2026-01-23 07:57:56,790:WARNING:findfont: Generic family 'sans-serif' not found because none of the following families were found: Arial, Liberation Sans, Bitstream Vera Sans, sans-serif
2026-01-23 07:57:56,791:WARNING:findfont: Generic family 'sans-serif' not found because none of the following families were found: Arial, Liberation Sans, Bitstream Vera Sans, sans-serif
2026-01-23 07:57:56,791:WARNING:findfont: Generic family 'sans-serif' not found because none of the following families were found: Arial, Liberation Sans, Bitstream Vera Sans, sans-serif
2026-01-23 07:57:56,792:WARNING:findfont: Generic family 'sans-serif' not found because none of the following families were found: Arial, Liberation Sans, Bitstream Vera Sans, sans-serif
2026-01-23 07:57:56,793:WARNING:findfont: Generic family 'sans-serif' not found because none of the following families were found: Arial, Liberation Sans, Bitstream Vera Sans, sans-serif
2026-01-23 07:57:56,794:WARNING:findfont: Generic family 'sans-serif' not found because none of the following families were found: Arial, Liberation Sans, Bitstream Vera Sans, sans-serif
2026-01-23 07:57:56,795:WARNING:findfont: Generic family 'sans-serif' not found because none of the following families were found: Arial, Liberation Sans, Bitstream Vera Sans, sans-serif
2026-01-23 07:57:56,796:WARNING:findfont: Generic family 'sans-serif' not found because none of the following families were found: Arial, Liberation Sans, Bitstream Vera Sans, sans-serif
2026-01-23 07:57:56,797:WARNING:findfont: Generic family 'sans-serif' not found because none of the following families were found: Arial, Liberation Sans, Bitstream Vera Sans, sans-serif
2026-01-23 07:57:56,797:WARNING:findfont: Generic family 'sans-serif' not found because none of the following families were found: Arial, Liberation Sans, Bitstream Vera Sans, sans-serif
2026-01-23 07:57:56,799:WARNING:findfont: Generic family 'sans-serif' not found because none of the following families were found: Arial, Liberation Sans, Bitstream Vera Sans, sans-serif
2026-01-23 07:57:56,800:WARNING:findfont: Generic family 'sans-serif' not found because none of the following families were found: Arial, Liberation Sans, Bitstream Vera Sans, sans-serif
2026-01-23 07:57:56,801:WARNING:findfont: Generic family 'sans-serif' not found because none of the following families were found: Arial, Liberation Sans, Bitstream Vera Sans, sans-serif
2026-01-23 07:57:56,802:WARNING:findfont: Generic family 'sans-serif' not found because none of the following families were found: Arial, Liberation Sans, Bitstream Vera Sans, sans-serif
2026-01-23 07:57:56,803:WARNING:findfont: Generic family 'sans-serif' not found because none of the following families were found: Arial, Liberation Sans, Bitstream Vera Sans, sans-serif
2026-01-23 07:57:56,803:WARNING:findfont: Generic family 'sans-serif' not found because none of the following families were found: Arial, Liberation Sans, Bitstream Vera Sans, sans-serif
2026-01-23 07:57:56,805:WARNING:findfont: Generic family 'sans-serif' not found because none of the following families were found: Arial, Liberation Sans, Bitstream Vera Sans, sans-serif
2026-01-23 07:57:57,045:WARNING:findfont: Generic family 'sans-serif' not found because none of the following families were found: Arial, Liberation Sans, Bitstream Vera Sans, sans-serif
2026-01-23 07:57:57,046:WARNING:findfont: Generic family 'sans-serif' not found because none of the following families were found: Arial, Liberation Sans, Bitstream Vera Sans, sans-serif
2026-01-23 07:57:57,049:WARNING:findfont: Generic family 'sans-serif' not found because none of the following families were found: Arial, Liberation Sans, Bitstream Vera Sans, sans-serif
2026-01-23 07:57:57,089:WARNING:findfont: Generic family 'sans-serif' not found because none of the following families were found: Arial, Liberation Sans, Bitstream Vera Sans, sans-serif
2026-01-23 07:57:57,090:WARNING:findfont: Generic family 'sans-serif' not found because none of the following families were found: Arial, Liberation Sans, Bitstream Vera Sans, sans-serif
2026-01-23 07:57:57,126:WARNING:findfont: Generic family 'sans-serif' not found because none of the following families were found: Arial, Liberation Sans, Bitstream Vera Sans, sans-serif
2026-01-23 07:57:57,127:WARNING:findfont: Generic family 'sans-serif' not found because none of the following families were found: Arial, Liberation Sans, Bitstream Vera Sans, sans-serif
2026-01-23 07:57:57,127:WARNING:findfont: Generic family 'sans-serif' not found because none of the following families were found: Arial, Liberation Sans, Bitstream Vera Sans, sans-serif
2026-01-23 07:57:57,128:WARNING:findfont: Generic family 'sans-serif' not found because none of the following families were found: Arial, Liberation Sans, Bitstream Vera Sans, sans-serif
2026-01-23 07:57:57,128:WARNING:findfont: Generic family 'sans-serif' not found because none of the following families were found: Arial, Liberation Sans, Bitstream Vera Sans, sans-serif
2026-01-23 07:57:57,129:WARNING:findfont: Generic family 'sans-serif' not found because none of the following families were found: Arial, Liberation Sans, Bitstream Vera Sans, sans-serif
2026-01-23 07:57:57,132:WARNING:findfont: Generic family 'sans-serif' not found because none of the following families were found: Arial, Liberation Sans, Bitstream Vera Sans, sans-serif
2026-01-23 07:57:57,132:WARNING:findfont: Generic family 'sans-serif' not found because none of the following families were found: Arial, Liberation Sans, Bitstream Vera Sans, sans-serif
2026-01-23 07:57:57,133:WARNING:findfont: Generic family 'sans-serif' not found because none of the following families were found: Arial, Liberation Sans, Bitstream Vera Sans, sans-serif
2026-01-23 07:57:57,134:WARNING:findfont: Generic family 'sans-serif' not found because none of the following families were found: Arial, Liberation Sans, Bitstream Vera Sans, sans-serif
2026-01-23 07:57:57,135:WARNING:findfont: Generic family 'sans-serif' not found because none of the following families were found: Arial, Liberation Sans, Bitstream Vera Sans, sans-serif
2026-01-23 07:57:57,137:WARNING:findfont: Generic family 'sans-serif' not found because none of the following families were found: Arial, Liberation Sans, Bitstream Vera Sans, sans-serif
2026-01-23 07:57:57,138:WARNING:findfont: Generic family 'sans-serif' not found because none of the following families were found: Arial, Liberation Sans, Bitstream Vera Sans, sans-serif
2026-01-23 07:57:57,139:WARNING:findfont: Generic family 'sans-serif' not found because none of the following families were found: Arial, Liberation Sans, Bitstream Vera Sans, sans-serif
2026-01-23 07:57:57,139:WARNING:findfont: Generic family 'sans-serif' not found because none of the following families were found: Arial, Liberation Sans, Bitstream Vera Sans, sans-serif
2026-01-23 07:57:57,140:WARNING:findfont: Generic family 'sans-serif' not found because none of the following families were found: Arial, Liberation Sans, Bitstream Vera Sans, sans-serif
2026-01-23 07:57:57,141:WARNING:findfont: Generic family 'sans-serif' not found because none of the following families were found: Arial, Liberation Sans, Bitstream Vera Sans, sans-serif
2026-01-23 07:57:57,200:INFO:Visual Rendered Successfully
2026-01-23 07:57:57,367:INFO:plot_model() successfully completed......................................
2026-01-23 07:57:57,368:INFO:Initializing plot_model()
2026-01-23 07:57:57,368:INFO:plot_model(plot=feature, fold=None, verbose=True, display=None, display_format=None, estimator=<catboost.core.CatBoostRegressor object at 0x7f8dcaa69030>, feature_name=None, fit_kwargs=None, groups=None, label=False, plot_kwargs=None, save=False, scale=1, self=<pycaret.regression.oop.RegressionExperiment object at 0x7f909824f100>, system=True)
2026-01-23 07:57:57,368:INFO:Checking exceptions
2026-01-23 07:57:57,376:INFO:Preloading libraries
2026-01-23 07:57:57,379:INFO:Copying training dataset
2026-01-23 07:57:57,379:INFO:Plot type: feature
2026-01-23 07:57:57,379:WARNING:No coef_ found. Trying feature_importances_
2026-01-23 07:57:57,439:WARNING:findfont: Generic family 'sans-serif' not found because none of the following families were found: Arial, Liberation Sans, Bitstream Vera Sans, sans-serif
2026-01-23 07:57:57,440:WARNING:findfont: Generic family 'sans-serif' not found because none of the following families were found: Arial, Liberation Sans, Bitstream Vera Sans, sans-serif
2026-01-23 07:57:57,441:WARNING:findfont: Generic family 'sans-serif' not found because none of the following families were found: Arial, Liberation Sans, Bitstream Vera Sans, sans-serif
2026-01-23 07:57:57,441:WARNING:/opt/conda/lib/python3.10/site-packages/IPython/core/pylabtools.py:152: UserWarning: Glyph 49436 (\N{HANGUL SYLLABLE SEO}) missing from current font.

2026-01-23 07:57:57,442:WARNING:/opt/conda/lib/python3.10/site-packages/IPython/core/pylabtools.py:152: UserWarning: Glyph 52488 (\N{HANGUL SYLLABLE CO}) missing from current font.

2026-01-23 07:57:57,442:WARNING:/opt/conda/lib/python3.10/site-packages/IPython/core/pylabtools.py:152: UserWarning: Glyph 44396 (\N{HANGUL SYLLABLE GU}) missing from current font.

2026-01-23 07:57:57,442:WARNING:findfont: Generic family 'sans-serif' not found because none of the following families were found: Arial, Liberation Sans, Bitstream Vera Sans, sans-serif
2026-01-23 07:57:57,443:WARNING:findfont: Generic family 'sans-serif' not found because none of the following families were found: Arial, Liberation Sans, Bitstream Vera Sans, sans-serif
2026-01-23 07:57:57,443:WARNING:/opt/conda/lib/python3.10/site-packages/IPython/core/pylabtools.py:152: UserWarning: Glyph 44053 (\N{HANGUL SYLLABLE GANG}) missing from current font.

2026-01-23 07:57:57,443:WARNING:/opt/conda/lib/python3.10/site-packages/IPython/core/pylabtools.py:152: UserWarning: Glyph 45224 (\N{HANGUL SYLLABLE NAM}) missing from current font.

2026-01-23 07:57:57,443:WARNING:findfont: Generic family 'sans-serif' not found because none of the following families were found: Arial, Liberation Sans, Bitstream Vera Sans, sans-serif
2026-01-23 07:57:57,444:WARNING:findfont: Generic family 'sans-serif' not found because none of the following families were found: Arial, Liberation Sans, Bitstream Vera Sans, sans-serif
2026-01-23 07:57:57,444:WARNING:findfont: Generic family 'sans-serif' not found because none of the following families were found: Arial, Liberation Sans, Bitstream Vera Sans, sans-serif
2026-01-23 07:57:57,445:WARNING:findfont: Generic family 'sans-serif' not found because none of the following families were found: Arial, Liberation Sans, Bitstream Vera Sans, sans-serif
2026-01-23 07:57:57,445:WARNING:findfont: Generic family 'sans-serif' not found because none of the following families were found: Arial, Liberation Sans, Bitstream Vera Sans, sans-serif
2026-01-23 07:57:57,446:WARNING:findfont: Generic family 'sans-serif' not found because none of the following families were found: Arial, Liberation Sans, Bitstream Vera Sans, sans-serif
2026-01-23 07:57:57,448:WARNING:findfont: Generic family 'sans-serif' not found because none of the following families were found: Arial, Liberation Sans, Bitstream Vera Sans, sans-serif
2026-01-23 07:57:57,448:WARNING:findfont: Generic family 'sans-serif' not found because none of the following families were found: Arial, Liberation Sans, Bitstream Vera Sans, sans-serif
2026-01-23 07:57:57,449:WARNING:findfont: Generic family 'sans-serif' not found because none of the following families were found: Arial, Liberation Sans, Bitstream Vera Sans, sans-serif
2026-01-23 07:57:57,449:WARNING:findfont: Generic family 'sans-serif' not found because none of the following families were found: Arial, Liberation Sans, Bitstream Vera Sans, sans-serif
2026-01-23 07:57:57,455:WARNING:findfont: Generic family 'sans-serif' not found because none of the following families were found: Arial, Liberation Sans, Bitstream Vera Sans, sans-serif
2026-01-23 07:57:57,455:WARNING:findfont: Generic family 'sans-serif' not found because none of the following families were found: Arial, Liberation Sans, Bitstream Vera Sans, sans-serif
2026-01-23 07:57:57,456:WARNING:findfont: Generic family 'sans-serif' not found because none of the following families were found: Arial, Liberation Sans, Bitstream Vera Sans, sans-serif
2026-01-23 07:57:57,456:WARNING:findfont: Generic family 'sans-serif' not found because none of the following families were found: Arial, Liberation Sans, Bitstream Vera Sans, sans-serif
2026-01-23 07:57:57,457:WARNING:findfont: Generic family 'sans-serif' not found because none of the following families were found: Arial, Liberation Sans, Bitstream Vera Sans, sans-serif
2026-01-23 07:57:57,457:WARNING:findfont: Generic family 'sans-serif' not found because none of the following families were found: Arial, Liberation Sans, Bitstream Vera Sans, sans-serif
2026-01-23 07:57:57,460:WARNING:findfont: Generic family 'sans-serif' not found because none of the following families were found: Arial, Liberation Sans, Bitstream Vera Sans, sans-serif
2026-01-23 07:57:57,485:WARNING:findfont: Generic family 'sans-serif' not found because none of the following families were found: Arial, Liberation Sans, Bitstream Vera Sans, sans-serif
2026-01-23 07:57:57,486:WARNING:findfont: Generic family 'sans-serif' not found because none of the following families were found: Arial, Liberation Sans, Bitstream Vera Sans, sans-serif
2026-01-23 07:57:57,486:WARNING:findfont: Generic family 'sans-serif' not found because none of the following families were found: Arial, Liberation Sans, Bitstream Vera Sans, sans-serif
2026-01-23 07:57:57,487:WARNING:findfont: Generic family 'sans-serif' not found because none of the following families were found: Arial, Liberation Sans, Bitstream Vera Sans, sans-serif
2026-01-23 07:57:57,487:WARNING:findfont: Generic family 'sans-serif' not found because none of the following families were found: Arial, Liberation Sans, Bitstream Vera Sans, sans-serif
2026-01-23 07:57:57,488:WARNING:findfont: Generic family 'sans-serif' not found because none of the following families were found: Arial, Liberation Sans, Bitstream Vera Sans, sans-serif
2026-01-23 07:57:57,488:WARNING:findfont: Generic family 'sans-serif' not found because none of the following families were found: Arial, Liberation Sans, Bitstream Vera Sans, sans-serif
2026-01-23 07:57:57,489:WARNING:findfont: Generic family 'sans-serif' not found because none of the following families were found: Arial, Liberation Sans, Bitstream Vera Sans, sans-serif
2026-01-23 07:57:57,489:WARNING:findfont: Generic family 'sans-serif' not found because none of the following families were found: Arial, Liberation Sans, Bitstream Vera Sans, sans-serif
2026-01-23 07:57:57,490:WARNING:findfont: Generic family 'sans-serif' not found because none of the following families were found: Arial, Liberation Sans, Bitstream Vera Sans, sans-serif
2026-01-23 07:57:57,491:WARNING:findfont: Generic family 'sans-serif' not found because none of the following families were found: Arial, Liberation Sans, Bitstream Vera Sans, sans-serif
2026-01-23 07:57:57,492:WARNING:findfont: Generic family 'sans-serif' not found because none of the following families were found: Arial, Liberation Sans, Bitstream Vera Sans, sans-serif
2026-01-23 07:57:57,493:WARNING:findfont: Generic family 'sans-serif' not found because none of the following families were found: Arial, Liberation Sans, Bitstream Vera Sans, sans-serif
2026-01-23 07:57:57,493:WARNING:findfont: Generic family 'sans-serif' not found because none of the following families were found: Arial, Liberation Sans, Bitstream Vera Sans, sans-serif
2026-01-23 07:57:57,494:WARNING:findfont: Generic family 'sans-serif' not found because none of the following families were found: Arial, Liberation Sans, Bitstream Vera Sans, sans-serif
2026-01-23 07:57:57,495:WARNING:findfont: Generic family 'sans-serif' not found because none of the following families were found: Arial, Liberation Sans, Bitstream Vera Sans, sans-serif
2026-01-23 07:57:57,496:WARNING:findfont: Generic family 'sans-serif' not found because none of the following families were found: Arial, Liberation Sans, Bitstream Vera Sans, sans-serif
2026-01-23 07:57:57,496:WARNING:findfont: Generic family 'sans-serif' not found because none of the following families were found: Arial, Liberation Sans, Bitstream Vera Sans, sans-serif
2026-01-23 07:57:57,497:WARNING:findfont: Generic family 'sans-serif' not found because none of the following families were found: Arial, Liberation Sans, Bitstream Vera Sans, sans-serif
2026-01-23 07:57:57,497:WARNING:findfont: Generic family 'sans-serif' not found because none of the following families were found: Arial, Liberation Sans, Bitstream Vera Sans, sans-serif
2026-01-23 07:57:57,498:WARNING:findfont: Generic family 'sans-serif' not found because none of the following families were found: Arial, Liberation Sans, Bitstream Vera Sans, sans-serif
2026-01-23 07:57:57,498:WARNING:findfont: Generic family 'sans-serif' not found because none of the following families were found: Arial, Liberation Sans, Bitstream Vera Sans, sans-serif
2026-01-23 07:57:57,499:WARNING:findfont: Generic family 'sans-serif' not found because none of the following families were found: Arial, Liberation Sans, Bitstream Vera Sans, sans-serif
2026-01-23 07:57:57,500:WARNING:findfont: Generic family 'sans-serif' not found because none of the following families were found: Arial, Liberation Sans, Bitstream Vera Sans, sans-serif
2026-01-23 07:57:57,500:WARNING:findfont: Generic family 'sans-serif' not found because none of the following families were found: Arial, Liberation Sans, Bitstream Vera Sans, sans-serif
2026-01-23 07:57:57,501:WARNING:findfont: Generic family 'sans-serif' not found because none of the following families were found: Arial, Liberation Sans, Bitstream Vera Sans, sans-serif
2026-01-23 07:57:57,502:WARNING:findfont: Generic family 'sans-serif' not found because none of the following families were found: Arial, Liberation Sans, Bitstream Vera Sans, sans-serif
2026-01-23 07:57:57,504:WARNING:findfont: Generic family 'sans-serif' not found because none of the following families were found: Arial, Liberation Sans, Bitstream Vera Sans, sans-serif
2026-01-23 07:57:57,504:WARNING:findfont: Generic family 'sans-serif' not found because none of the following families were found: Arial, Liberation Sans, Bitstream Vera Sans, sans-serif
2026-01-23 07:57:57,506:WARNING:findfont: Generic family 'sans-serif' not found because none of the following families were found: Arial, Liberation Sans, Bitstream Vera Sans, sans-serif
2026-01-23 07:57:57,507:WARNING:findfont: Generic family 'sans-serif' not found because none of the following families were found: Arial, Liberation Sans, Bitstream Vera Sans, sans-serif
2026-01-23 07:57:57,508:WARNING:findfont: Generic family 'sans-serif' not found because none of the following families were found: Arial, Liberation Sans, Bitstream Vera Sans, sans-serif
2026-01-23 07:57:57,509:WARNING:findfont: Generic family 'sans-serif' not found because none of the following families were found: Arial, Liberation Sans, Bitstream Vera Sans, sans-serif
2026-01-23 07:57:57,509:WARNING:findfont: Generic family 'sans-serif' not found because none of the following families were found: Arial, Liberation Sans, Bitstream Vera Sans, sans-serif
2026-01-23 07:57:57,510:WARNING:findfont: Generic family 'sans-serif' not found because none of the following families were found: Arial, Liberation Sans, Bitstream Vera Sans, sans-serif
2026-01-23 07:57:57,511:WARNING:findfont: Generic family 'sans-serif' not found because none of the following families were found: Arial, Liberation Sans, Bitstream Vera Sans, sans-serif
2026-01-23 07:57:57,512:WARNING:findfont: Generic family 'sans-serif' not found because none of the following families were found: Arial, Liberation Sans, Bitstream Vera Sans, sans-serif
2026-01-23 07:57:57,512:WARNING:findfont: Generic family 'sans-serif' not found because none of the following families were found: Arial, Liberation Sans, Bitstream Vera Sans, sans-serif
2026-01-23 07:57:57,514:WARNING:findfont: Generic family 'sans-serif' not found because none of the following families were found: Arial, Liberation Sans, Bitstream Vera Sans, sans-serif
2026-01-23 07:57:57,519:WARNING:findfont: Generic family 'sans-serif' not found because none of the following families were found: Arial, Liberation Sans, Bitstream Vera Sans, sans-serif
2026-01-23 07:57:57,521:WARNING:findfont: Generic family 'sans-serif' not found because none of the following families were found: Arial, Liberation Sans, Bitstream Vera Sans, sans-serif
2026-01-23 07:57:57,534:INFO:Visual Rendered Successfully
2026-01-23 07:57:57,693:INFO:plot_model() successfully completed......................................
2026-01-25 12:32:54,569:WARNING:
'cuml' is a soft dependency and not included in the pycaret installation. Please run: `pip install cuml` to install.
2026-01-25 12:32:54,569:WARNING:
'cuml' is a soft dependency and not included in the pycaret installation. Please run: `pip install cuml` to install.
2026-01-25 12:32:54,569:WARNING:
'cuml' is a soft dependency and not included in the pycaret installation. Please run: `pip install cuml` to install.
2026-01-25 12:32:54,569:WARNING:
'cuml' is a soft dependency and not included in the pycaret installation. Please run: `pip install cuml` to install.
2026-01-25 12:32:54,641:INFO:PyCaret RegressionExperiment
2026-01-25 12:32:54,641:INFO:Logging name: reg-default-name
2026-01-25 12:32:54,641:INFO:ML Usecase: MLUsecase.REGRESSION
2026-01-25 12:32:54,641:INFO:version 3.2.0
2026-01-25 12:32:54,641:INFO:Initializing setup()
2026-01-25 12:32:54,641:INFO:self.USI: aea6
2026-01-25 12:32:54,641:INFO:self._variable_keys: {'fold_generator', 'fold_shuffle_param', 'html_param', 'fold_groups_param', 'y_test', 'X', 'data', 'exp_id', '_available_plots', 'exp_name_log', 'X_train', 'transform_target_param', 'gpu_param', 'logging_param', 'USI', 'y', 'seed', 'n_jobs_param', '_ml_usecase', 'pipeline', 'idx', 'y_train', 'memory', 'gpu_n_jobs_param', 'X_test', 'target_param', 'log_plots_param'}
2026-01-25 12:32:54,641:INFO:Checking environment
2026-01-25 12:32:54,641:INFO:python_version: 3.10.13
2026-01-25 12:32:54,642:INFO:python_build: ('main', 'Sep 11 2023 13:44:35')
2026-01-25 12:32:54,642:INFO:machine: x86_64
2026-01-25 12:32:54,642:INFO:platform: Linux-5.4.0-166-generic-x86_64-with-glibc2.31
2026-01-25 12:32:54,642:INFO:Memory: svmem(total=270172102656, available=258511749120, percent=4.3, used=8662433792, free=181786169344, active=21345533952, inactive=54408876032, buffers=2197000192, cached=77526499328, shared=902701056, slab=10954108928)
2026-01-25 12:32:54,643:INFO:Physical Core: 32
2026-01-25 12:32:54,643:INFO:Logical Core: 64
2026-01-25 12:32:54,643:INFO:Checking libraries
2026-01-25 12:32:54,643:INFO:System:
2026-01-25 12:32:54,643:INFO:    python: 3.10.13 (main, Sep 11 2023, 13:44:35) [GCC 11.2.0]
2026-01-25 12:32:54,643:INFO:executable: /data/ephemeral/home/py310/bin/python
2026-01-25 12:32:54,643:INFO:   machine: Linux-5.4.0-166-generic-x86_64-with-glibc2.31
2026-01-25 12:32:54,643:INFO:PyCaret required dependencies:
2026-01-25 12:32:54,997:INFO:                 pip: 23.2.1
2026-01-25 12:32:54,997:INFO:          setuptools: 68.0.0
2026-01-25 12:32:54,997:INFO:             pycaret: 3.2.0
2026-01-25 12:32:54,997:INFO:             IPython: 8.15.0
2026-01-25 12:32:54,997:INFO:          ipywidgets: 8.1.1
2026-01-25 12:32:54,997:INFO:                tqdm: 4.66.1
2026-01-25 12:32:54,997:INFO:               numpy: 1.23.5
2026-01-25 12:32:54,997:INFO:              pandas: 1.5.3
2026-01-25 12:32:54,997:INFO:              jinja2: 3.1.2
2026-01-25 12:32:54,997:INFO:               scipy: 1.10.1
2026-01-25 12:32:54,997:INFO:              joblib: 1.3.2
2026-01-25 12:32:54,997:INFO:             sklearn: 1.2.2
2026-01-25 12:32:54,997:INFO:                pyod: 2.0.6
2026-01-25 12:32:54,997:INFO:            imblearn: 0.12.4
2026-01-25 12:32:54,997:INFO:   category_encoders: 2.7.0
2026-01-25 12:32:54,997:INFO:            lightgbm: 4.6.0
2026-01-25 12:32:54,997:INFO:               numba: 0.58.1
2026-01-25 12:32:54,997:INFO:            requests: 2.31.0
2026-01-25 12:32:54,998:INFO:          matplotlib: 3.7.1
2026-01-25 12:32:54,998:INFO:          scikitplot: 0.3.7
2026-01-25 12:32:54,998:INFO:         yellowbrick: 1.5
2026-01-25 12:32:54,998:INFO:              plotly: 5.24.1
2026-01-25 12:32:54,998:INFO:    plotly-resampler: Not installed
2026-01-25 12:32:54,998:INFO:             kaleido: 1.2.0
2026-01-25 12:32:54,998:INFO:           schemdraw: 0.15
2026-01-25 12:32:54,998:INFO:         statsmodels: 0.14.0
2026-01-25 12:32:54,998:INFO:              sktime: 0.21.1
2026-01-25 12:32:54,998:INFO:               tbats: 1.1.3
2026-01-25 12:32:54,998:INFO:            pmdarima: 2.0.4
2026-01-25 12:32:54,998:INFO:              psutil: 5.9.0
2026-01-25 12:32:54,998:INFO:          markupsafe: 2.1.1
2026-01-25 12:32:54,998:INFO:             pickle5: Not installed
2026-01-25 12:32:54,998:INFO:         cloudpickle: 2.2.1
2026-01-25 12:32:54,998:INFO:         deprecation: 2.1.0
2026-01-25 12:32:54,998:INFO:              xxhash: 3.6.0
2026-01-25 12:32:54,998:INFO:           wurlitzer: 3.1.1
2026-01-25 12:32:54,998:INFO:PyCaret optional dependencies:
2026-01-25 12:32:56,881:INFO:                shap: 0.44.1
2026-01-25 12:32:56,881:INFO:           interpret: 0.6.6
2026-01-25 12:32:56,881:INFO:                umap: 0.5.7
2026-01-25 12:32:56,881:INFO:     ydata_profiling: 4.6.0
2026-01-25 12:32:56,881:INFO:  explainerdashboard: 0.5.1
2026-01-25 12:32:56,881:INFO:             autoviz: 0.1.902
2026-01-25 12:32:56,881:INFO:           fairlearn: 0.7.0
2026-01-25 12:32:56,881:INFO:          deepchecks: 0.19.1
2026-01-25 12:32:56,881:INFO:             xgboost: 1.6.2
2026-01-25 12:32:56,881:INFO:            catboost: 1.2.8
2026-01-25 12:32:56,881:INFO:              kmodes: 0.12.2
2026-01-25 12:32:56,881:INFO:             mlxtend: 0.23.4
2026-01-25 12:32:56,881:INFO:       statsforecast: 1.5.0
2026-01-25 12:32:56,881:INFO:        tune_sklearn: 0.5.0
2026-01-25 12:32:56,881:INFO:                 ray: 2.52.1
2026-01-25 12:32:56,881:INFO:            hyperopt: 0.2.7
2026-01-25 12:32:56,881:INFO:              optuna: 4.7.0
2026-01-25 12:32:56,881:INFO:               skopt: 0.10.2
2026-01-25 12:32:56,881:INFO:              mlflow: 3.8.1
2026-01-25 12:32:56,881:INFO:              gradio: 3.50.2
2026-01-25 12:32:56,881:INFO:             fastapi: 0.125.0
2026-01-25 12:32:56,881:INFO:             uvicorn: 0.40.0
2026-01-25 12:32:56,882:INFO:              m2cgen: 0.10.0
2026-01-25 12:32:56,882:INFO:           evidently: 0.2.8
2026-01-25 12:32:56,882:INFO:               fugue: 0.8.6
2026-01-25 12:32:56,882:INFO:           streamlit: 1.52.2
2026-01-25 12:32:56,882:INFO:             prophet: Not installed
2026-01-25 12:32:56,882:INFO:None
2026-01-25 12:32:56,882:INFO:Set up data.
2026-01-25 12:32:56,889:INFO:Set up folding strategy.
2026-01-25 12:32:56,889:INFO:Set up train/test split.
2026-01-25 12:32:56,895:INFO:Set up index.
2026-01-25 12:32:56,896:INFO:Assigning column types.
2026-01-25 12:32:56,900:INFO:Engine successfully changes for model 'lr' to 'sklearn'.
2026-01-25 12:32:56,900:INFO:Engine for model 'lasso' has not been set explicitly, hence returning None.
2026-01-25 12:32:56,904:INFO:Engine for model 'ridge' has not been set explicitly, hence returning None.
2026-01-25 12:32:56,908:INFO:Engine for model 'en' has not been set explicitly, hence returning None.
2026-01-25 12:32:56,979:INFO:Engine for model 'svm' has not been set explicitly, hence returning None.
2026-01-25 12:32:57,016:INFO:Engine for model 'knn' has not been set explicitly, hence returning None.
2026-01-25 12:32:57,017:INFO:Soft dependency imported: xgboost: 1.6.2
2026-01-25 12:32:57,029:INFO:Soft dependency imported: catboost: 1.2.8
2026-01-25 12:32:57,039:INFO:Engine for model 'lasso' has not been set explicitly, hence returning None.
2026-01-25 12:32:57,043:INFO:Engine for model 'ridge' has not been set explicitly, hence returning None.
2026-01-25 12:32:57,047:INFO:Engine for model 'en' has not been set explicitly, hence returning None.
2026-01-25 12:32:57,100:INFO:Engine for model 'svm' has not been set explicitly, hence returning None.
2026-01-25 12:32:57,138:INFO:Engine for model 'knn' has not been set explicitly, hence returning None.
2026-01-25 12:32:57,139:INFO:Soft dependency imported: xgboost: 1.6.2
2026-01-25 12:32:57,141:INFO:Soft dependency imported: catboost: 1.2.8
2026-01-25 12:32:57,141:INFO:Engine successfully changes for model 'lasso' to 'sklearn'.
2026-01-25 12:32:57,145:INFO:Engine for model 'ridge' has not been set explicitly, hence returning None.
2026-01-25 12:32:57,149:INFO:Engine for model 'en' has not been set explicitly, hence returning None.
2026-01-25 12:32:57,203:INFO:Engine for model 'svm' has not been set explicitly, hence returning None.
2026-01-25 12:32:57,241:INFO:Engine for model 'knn' has not been set explicitly, hence returning None.
2026-01-25 12:32:57,241:INFO:Soft dependency imported: xgboost: 1.6.2
2026-01-25 12:32:57,243:INFO:Soft dependency imported: catboost: 1.2.8
2026-01-25 12:32:57,247:INFO:Engine for model 'ridge' has not been set explicitly, hence returning None.
2026-01-25 12:32:57,251:INFO:Engine for model 'en' has not been set explicitly, hence returning None.
2026-01-25 12:32:57,306:INFO:Engine for model 'svm' has not been set explicitly, hence returning None.
2026-01-25 12:32:57,344:INFO:Engine for model 'knn' has not been set explicitly, hence returning None.
2026-01-25 12:32:57,344:INFO:Soft dependency imported: xgboost: 1.6.2
2026-01-25 12:32:57,346:INFO:Soft dependency imported: catboost: 1.2.8
2026-01-25 12:32:57,347:INFO:Engine successfully changes for model 'ridge' to 'sklearn'.
2026-01-25 12:32:57,356:INFO:Engine for model 'en' has not been set explicitly, hence returning None.
2026-01-25 12:32:57,418:INFO:Engine for model 'svm' has not been set explicitly, hence returning None.
2026-01-25 12:32:57,455:INFO:Engine for model 'knn' has not been set explicitly, hence returning None.
2026-01-25 12:32:57,455:INFO:Soft dependency imported: xgboost: 1.6.2
2026-01-25 12:32:57,458:INFO:Soft dependency imported: catboost: 1.2.8
2026-01-25 12:32:57,465:INFO:Engine for model 'en' has not been set explicitly, hence returning None.
2026-01-25 12:32:57,518:INFO:Engine for model 'svm' has not been set explicitly, hence returning None.
2026-01-25 12:32:57,556:INFO:Engine for model 'knn' has not been set explicitly, hence returning None.
2026-01-25 12:32:57,556:INFO:Soft dependency imported: xgboost: 1.6.2
2026-01-25 12:32:57,559:INFO:Soft dependency imported: catboost: 1.2.8
2026-01-25 12:32:57,559:INFO:Engine successfully changes for model 'en' to 'sklearn'.
2026-01-25 12:32:57,621:INFO:Engine for model 'svm' has not been set explicitly, hence returning None.
2026-01-25 12:32:57,659:INFO:Engine for model 'knn' has not been set explicitly, hence returning None.
2026-01-25 12:32:57,659:INFO:Soft dependency imported: xgboost: 1.6.2
2026-01-25 12:32:57,662:INFO:Soft dependency imported: catboost: 1.2.8
2026-01-25 12:32:57,722:INFO:Engine for model 'svm' has not been set explicitly, hence returning None.
2026-01-25 12:32:57,760:INFO:Engine for model 'knn' has not been set explicitly, hence returning None.
2026-01-25 12:32:57,912:INFO:Soft dependency imported: xgboost: 1.6.2
2026-01-25 12:32:57,914:INFO:Soft dependency imported: catboost: 1.2.8
2026-01-25 12:32:57,914:INFO:Engine successfully changes for model 'knn' to 'sklearn'.
2026-01-25 12:32:57,975:INFO:Engine for model 'svm' has not been set explicitly, hence returning None.
2026-01-25 12:32:58,013:INFO:Soft dependency imported: xgboost: 1.6.2
2026-01-25 12:32:58,015:INFO:Soft dependency imported: catboost: 1.2.8
2026-01-25 12:32:58,076:INFO:Engine for model 'svm' has not been set explicitly, hence returning None.
2026-01-25 12:32:58,114:INFO:Soft dependency imported: xgboost: 1.6.2
2026-01-25 12:32:58,116:INFO:Soft dependency imported: catboost: 1.2.8
2026-01-25 12:32:58,117:INFO:Engine successfully changes for model 'svm' to 'sklearn'.
2026-01-25 12:32:58,214:INFO:Soft dependency imported: xgboost: 1.6.2
2026-01-25 12:32:58,216:INFO:Soft dependency imported: catboost: 1.2.8
2026-01-25 12:32:58,314:INFO:Soft dependency imported: xgboost: 1.6.2
2026-01-25 12:32:58,317:INFO:Soft dependency imported: catboost: 1.2.8
2026-01-25 12:32:58,318:INFO:Preparing preprocessing pipeline...
2026-01-25 12:32:58,318:INFO:Set up simple imputation.
2026-01-25 12:32:58,347:INFO:Finished creating preprocessing pipeline.
2026-01-25 12:32:58,350:INFO:Pipeline: Pipeline(memory=FastMemory(location=/tmp/joblib),
         steps=[('numerical_imputer',
                 TransformerWrapper(include=['area_m2', 'year', 'floor',
                                             'area_x_year'],
                                    transformer=SimpleImputer())),
                ('categorical_imputer',
                 TransformerWrapper(include=[],
                                    transformer=SimpleImputer(strategy='most_frequent')))])
2026-01-25 12:32:58,350:INFO:Creating final display dataframe.
2026-01-25 12:32:58,423:INFO:Setup _display_container:                     Description             Value
0                    Session id                42
1                        Target            target
2                   Target type        Regression
3           Original data shape        (88010, 5)
4        Transformed data shape        (88010, 5)
5   Transformed train set shape        (61606, 5)
6    Transformed test set shape        (26404, 5)
7              Numeric features                 4
8                    Preprocess              True
9               Imputation type            simple
10           Numeric imputation              mean
11       Categorical imputation              mode
12               Fold Generator             KFold
13                  Fold Number                10
14                     CPU Jobs                -1
15                      Use GPU             False
16               Log Experiment             False
17              Experiment Name  reg-default-name
18                          USI              aea6
2026-01-25 12:32:58,521:INFO:Soft dependency imported: xgboost: 1.6.2
2026-01-25 12:32:58,523:INFO:Soft dependency imported: catboost: 1.2.8
2026-01-25 12:32:58,621:INFO:Soft dependency imported: xgboost: 1.6.2
2026-01-25 12:32:58,624:INFO:Soft dependency imported: catboost: 1.2.8
2026-01-25 12:32:58,624:INFO:setup() successfully completed in 3.98s...............
2026-01-25 12:32:58,635:INFO:Initializing compare_models()
2026-01-25 12:32:58,635:INFO:compare_models(self=<pycaret.regression.oop.RegressionExperiment object at 0x7fb5a0792ce0>, include=None, fold=None, round=4, cross_validation=True, sort=RMSE, n_select=1, budget_time=None, turbo=True, errors=ignore, fit_kwargs=None, groups=None, experiment_custom_tags=None, probability_threshold=None, verbose=True, parallel=None, caller_params={'self': <pycaret.regression.oop.RegressionExperiment object at 0x7fb5a0792ce0>, 'include': None, 'exclude': None, 'fold': None, 'round': 4, 'cross_validation': True, 'sort': 'RMSE', 'n_select': 1, 'budget_time': None, 'turbo': True, 'errors': 'ignore', 'fit_kwargs': None, 'groups': None, 'experiment_custom_tags': None, 'engine': None, 'verbose': True, 'parallel': None, '__class__': <class 'pycaret.regression.oop.RegressionExperiment'>}, exclude=None)
2026-01-25 12:32:58,635:INFO:Checking exceptions
2026-01-25 12:32:58,639:INFO:Preparing display monitor
2026-01-25 12:32:58,655:INFO:Initializing Linear Regression
2026-01-25 12:32:58,655:INFO:Total runtime is 2.555052439371745e-06 minutes
2026-01-25 12:32:58,657:INFO:SubProcess create_model() called ==================================
2026-01-25 12:32:58,657:INFO:Initializing create_model()
2026-01-25 12:32:58,658:INFO:create_model(self=<pycaret.regression.oop.RegressionExperiment object at 0x7fb5a0792ce0>, estimator=lr, fold=KFold(n_splits=10, random_state=None, shuffle=False), round=4, cross_validation=True, predict=True, fit_kwargs={}, groups=None, refit=False, probability_threshold=None, experiment_custom_tags=None, verbose=False, system=False, add_to_model_list=True, metrics=None, display=<pycaret.internal.display.display.CommonDisplay object at 0x7fb60e7b3eb0>, model_only=True, return_train_score=False, error_score=0.0, kwargs={})
2026-01-25 12:32:58,658:INFO:Checking exceptions
2026-01-25 12:32:58,658:INFO:Importing libraries
2026-01-25 12:32:58,658:INFO:Copying training dataset
2026-01-25 12:32:58,668:INFO:Defining folds
2026-01-25 12:32:58,668:INFO:Declaring metric variables
2026-01-25 12:32:58,670:INFO:Importing untrained model
2026-01-25 12:32:58,672:INFO:Linear Regression Imported successfully
2026-01-25 12:32:58,676:INFO:Starting cross validation
2026-01-25 12:32:58,678:INFO:Cross validating with KFold(n_splits=10, random_state=None, shuffle=False), n_jobs=-1
2026-01-25 12:33:00,166:INFO:Calculating mean and std
2026-01-25 12:33:00,167:INFO:Creating metrics dataframe
2026-01-25 12:33:00,171:INFO:Uploading results into container
2026-01-25 12:33:00,172:INFO:Uploading model into container now
2026-01-25 12:33:00,172:INFO:_master_model_container: 1
2026-01-25 12:33:00,172:INFO:_display_container: 2
2026-01-25 12:33:00,173:INFO:LinearRegression(n_jobs=-1)
2026-01-25 12:33:00,173:INFO:create_model() successfully completed......................................
2026-01-25 12:33:00,352:INFO:SubProcess create_model() end ==================================
2026-01-25 12:33:00,352:INFO:Creating metrics dataframe
2026-01-25 12:33:00,359:INFO:Initializing Lasso Regression
2026-01-25 12:33:00,359:INFO:Total runtime is 0.028393948078155515 minutes
2026-01-25 12:33:00,361:INFO:SubProcess create_model() called ==================================
2026-01-25 12:33:00,361:INFO:Initializing create_model()
2026-01-25 12:33:00,361:INFO:create_model(self=<pycaret.regression.oop.RegressionExperiment object at 0x7fb5a0792ce0>, estimator=lasso, fold=KFold(n_splits=10, random_state=None, shuffle=False), round=4, cross_validation=True, predict=True, fit_kwargs={}, groups=None, refit=False, probability_threshold=None, experiment_custom_tags=None, verbose=False, system=False, add_to_model_list=True, metrics=None, display=<pycaret.internal.display.display.CommonDisplay object at 0x7fb60e7b3eb0>, model_only=True, return_train_score=False, error_score=0.0, kwargs={})
2026-01-25 12:33:00,361:INFO:Checking exceptions
2026-01-25 12:33:00,361:INFO:Importing libraries
2026-01-25 12:33:00,361:INFO:Copying training dataset
2026-01-25 12:33:00,371:INFO:Defining folds
2026-01-25 12:33:00,371:INFO:Declaring metric variables
2026-01-25 12:33:00,373:INFO:Importing untrained model
2026-01-25 12:33:00,375:INFO:Lasso Regression Imported successfully
2026-01-25 12:33:00,379:INFO:Starting cross validation
2026-01-25 12:33:00,380:INFO:Cross validating with KFold(n_splits=10, random_state=None, shuffle=False), n_jobs=-1
2026-01-25 12:33:00,583:WARNING:/opt/conda/lib/python3.10/site-packages/sklearn/linear_model/_coordinate_descent.py:631: ConvergenceWarning: Objective did not converge. You might want to increase the number of iterations, check the scale of the features or consider increasing regularisation. Duality gap: 4.774e+12, tolerance: 3.356e+09
  model = cd_fast.enet_coordinate_descent(

2026-01-25 12:33:00,585:WARNING:/opt/conda/lib/python3.10/site-packages/sklearn/linear_model/_coordinate_descent.py:631: ConvergenceWarning: Objective did not converge. You might want to increase the number of iterations, check the scale of the features or consider increasing regularisation. Duality gap: 5.392e+12, tolerance: 3.351e+09
  model = cd_fast.enet_coordinate_descent(

2026-01-25 12:33:00,599:WARNING:/opt/conda/lib/python3.10/site-packages/sklearn/linear_model/_coordinate_descent.py:631: ConvergenceWarning: Objective did not converge. You might want to increase the number of iterations, check the scale of the features or consider increasing regularisation. Duality gap: 1.545e+11, tolerance: 3.358e+09
  model = cd_fast.enet_coordinate_descent(

2026-01-25 12:33:00,610:WARNING:/opt/conda/lib/python3.10/site-packages/sklearn/linear_model/_coordinate_descent.py:631: ConvergenceWarning: Objective did not converge. You might want to increase the number of iterations, check the scale of the features or consider increasing regularisation. Duality gap: 2.257e+12, tolerance: 3.355e+09
  model = cd_fast.enet_coordinate_descent(

2026-01-25 12:33:00,614:WARNING:/opt/conda/lib/python3.10/site-packages/sklearn/linear_model/_coordinate_descent.py:631: ConvergenceWarning: Objective did not converge. You might want to increase the number of iterations, check the scale of the features or consider increasing regularisation. Duality gap: 1.576e+12, tolerance: 3.354e+09
  model = cd_fast.enet_coordinate_descent(

2026-01-25 12:33:00,630:WARNING:/opt/conda/lib/python3.10/site-packages/sklearn/linear_model/_coordinate_descent.py:631: ConvergenceWarning: Objective did not converge. You might want to increase the number of iterations, check the scale of the features or consider increasing regularisation. Duality gap: 4.002e+12, tolerance: 3.338e+09
  model = cd_fast.enet_coordinate_descent(

2026-01-25 12:33:00,632:WARNING:/opt/conda/lib/python3.10/site-packages/sklearn/linear_model/_coordinate_descent.py:631: ConvergenceWarning: Objective did not converge. You might want to increase the number of iterations, check the scale of the features or consider increasing regularisation. Duality gap: 1.265e+12, tolerance: 3.355e+09
  model = cd_fast.enet_coordinate_descent(

2026-01-25 12:33:00,633:WARNING:/opt/conda/lib/python3.10/site-packages/sklearn/linear_model/_coordinate_descent.py:631: ConvergenceWarning: Objective did not converge. You might want to increase the number of iterations, check the scale of the features or consider increasing regularisation. Duality gap: 2.910e+11, tolerance: 3.341e+09
  model = cd_fast.enet_coordinate_descent(

2026-01-25 12:33:00,645:INFO:Calculating mean and std
2026-01-25 12:33:00,646:INFO:Creating metrics dataframe
2026-01-25 12:33:00,650:INFO:Uploading results into container
2026-01-25 12:33:00,650:INFO:Uploading model into container now
2026-01-25 12:33:00,651:INFO:_master_model_container: 2
2026-01-25 12:33:00,651:INFO:_display_container: 2
2026-01-25 12:33:00,651:INFO:Lasso(random_state=42)
2026-01-25 12:33:00,651:INFO:create_model() successfully completed......................................
2026-01-25 12:33:00,815:INFO:SubProcess create_model() end ==================================
2026-01-25 12:33:00,815:INFO:Creating metrics dataframe
2026-01-25 12:33:00,822:INFO:Initializing Ridge Regression
2026-01-25 12:33:00,822:INFO:Total runtime is 0.03611315886179606 minutes
2026-01-25 12:33:00,824:INFO:SubProcess create_model() called ==================================
2026-01-25 12:33:00,824:INFO:Initializing create_model()
2026-01-25 12:33:00,824:INFO:create_model(self=<pycaret.regression.oop.RegressionExperiment object at 0x7fb5a0792ce0>, estimator=ridge, fold=KFold(n_splits=10, random_state=None, shuffle=False), round=4, cross_validation=True, predict=True, fit_kwargs={}, groups=None, refit=False, probability_threshold=None, experiment_custom_tags=None, verbose=False, system=False, add_to_model_list=True, metrics=None, display=<pycaret.internal.display.display.CommonDisplay object at 0x7fb60e7b3eb0>, model_only=True, return_train_score=False, error_score=0.0, kwargs={})
2026-01-25 12:33:00,824:INFO:Checking exceptions
2026-01-25 12:33:00,824:INFO:Importing libraries
2026-01-25 12:33:00,824:INFO:Copying training dataset
2026-01-25 12:33:00,834:INFO:Defining folds
2026-01-25 12:33:00,834:INFO:Declaring metric variables
2026-01-25 12:33:00,837:INFO:Importing untrained model
2026-01-25 12:33:00,841:INFO:Ridge Regression Imported successfully
2026-01-25 12:33:00,845:INFO:Starting cross validation
2026-01-25 12:33:00,846:INFO:Cross validating with KFold(n_splits=10, random_state=None, shuffle=False), n_jobs=-1
2026-01-25 12:33:00,971:INFO:Calculating mean and std
2026-01-25 12:33:00,972:INFO:Creating metrics dataframe
2026-01-25 12:33:00,974:INFO:Uploading results into container
2026-01-25 12:33:00,975:INFO:Uploading model into container now
2026-01-25 12:33:00,975:INFO:_master_model_container: 3
2026-01-25 12:33:00,975:INFO:_display_container: 2
2026-01-25 12:33:00,975:INFO:Ridge(random_state=42)
2026-01-25 12:33:00,975:INFO:create_model() successfully completed......................................
2026-01-25 12:33:01,142:INFO:SubProcess create_model() end ==================================
2026-01-25 12:33:01,143:INFO:Creating metrics dataframe
2026-01-25 12:33:01,149:INFO:Initializing Elastic Net
2026-01-25 12:33:01,149:INFO:Total runtime is 0.041564623514811196 minutes
2026-01-25 12:33:01,151:INFO:SubProcess create_model() called ==================================
2026-01-25 12:33:01,151:INFO:Initializing create_model()
2026-01-25 12:33:01,151:INFO:create_model(self=<pycaret.regression.oop.RegressionExperiment object at 0x7fb5a0792ce0>, estimator=en, fold=KFold(n_splits=10, random_state=None, shuffle=False), round=4, cross_validation=True, predict=True, fit_kwargs={}, groups=None, refit=False, probability_threshold=None, experiment_custom_tags=None, verbose=False, system=False, add_to_model_list=True, metrics=None, display=<pycaret.internal.display.display.CommonDisplay object at 0x7fb60e7b3eb0>, model_only=True, return_train_score=False, error_score=0.0, kwargs={})
2026-01-25 12:33:01,151:INFO:Checking exceptions
2026-01-25 12:33:01,151:INFO:Importing libraries
2026-01-25 12:33:01,151:INFO:Copying training dataset
2026-01-25 12:33:01,161:INFO:Defining folds
2026-01-25 12:33:01,161:INFO:Declaring metric variables
2026-01-25 12:33:01,163:INFO:Importing untrained model
2026-01-25 12:33:01,165:INFO:Elastic Net Imported successfully
2026-01-25 12:33:01,169:INFO:Starting cross validation
2026-01-25 12:33:01,170:INFO:Cross validating with KFold(n_splits=10, random_state=None, shuffle=False), n_jobs=-1
2026-01-25 12:33:01,362:WARNING:/opt/conda/lib/python3.10/site-packages/sklearn/linear_model/_coordinate_descent.py:631: ConvergenceWarning: Objective did not converge. You might want to increase the number of iterations, check the scale of the features or consider increasing regularisation. Duality gap: 1.064e+13, tolerance: 3.349e+09
  model = cd_fast.enet_coordinate_descent(

2026-01-25 12:33:01,362:WARNING:/opt/conda/lib/python3.10/site-packages/sklearn/linear_model/_coordinate_descent.py:631: ConvergenceWarning: Objective did not converge. You might want to increase the number of iterations, check the scale of the features or consider increasing regularisation. Duality gap: 1.068e+13, tolerance: 3.355e+09
  model = cd_fast.enet_coordinate_descent(

2026-01-25 12:33:01,371:WARNING:/opt/conda/lib/python3.10/site-packages/sklearn/linear_model/_coordinate_descent.py:631: ConvergenceWarning: Objective did not converge. You might want to increase the number of iterations, check the scale of the features or consider increasing regularisation. Duality gap: 1.068e+13, tolerance: 3.356e+09
  model = cd_fast.enet_coordinate_descent(

2026-01-25 12:33:01,372:WARNING:/opt/conda/lib/python3.10/site-packages/sklearn/linear_model/_coordinate_descent.py:631: ConvergenceWarning: Objective did not converge. You might want to increase the number of iterations, check the scale of the features or consider increasing regularisation. Duality gap: 1.063e+13, tolerance: 3.338e+09
  model = cd_fast.enet_coordinate_descent(

2026-01-25 12:33:01,374:WARNING:/opt/conda/lib/python3.10/site-packages/sklearn/linear_model/_coordinate_descent.py:631: ConvergenceWarning: Objective did not converge. You might want to increase the number of iterations, check the scale of the features or consider increasing regularisation. Duality gap: 1.069e+13, tolerance: 3.355e+09
  model = cd_fast.enet_coordinate_descent(

2026-01-25 12:33:01,374:WARNING:/opt/conda/lib/python3.10/site-packages/sklearn/linear_model/_coordinate_descent.py:631: ConvergenceWarning: Objective did not converge. You might want to increase the number of iterations, check the scale of the features or consider increasing regularisation. Duality gap: 1.070e+13, tolerance: 3.358e+09
  model = cd_fast.enet_coordinate_descent(

2026-01-25 12:33:01,432:WARNING:/opt/conda/lib/python3.10/site-packages/sklearn/linear_model/_coordinate_descent.py:631: ConvergenceWarning: Objective did not converge. You might want to increase the number of iterations, check the scale of the features or consider increasing regularisation. Duality gap: 1.068e+13, tolerance: 3.354e+09
  model = cd_fast.enet_coordinate_descent(

2026-01-25 12:33:01,433:WARNING:/opt/conda/lib/python3.10/site-packages/sklearn/linear_model/_coordinate_descent.py:631: ConvergenceWarning: Objective did not converge. You might want to increase the number of iterations, check the scale of the features or consider increasing regularisation. Duality gap: 1.067e+13, tolerance: 3.351e+09
  model = cd_fast.enet_coordinate_descent(

2026-01-25 12:33:01,436:WARNING:/opt/conda/lib/python3.10/site-packages/sklearn/linear_model/_coordinate_descent.py:631: ConvergenceWarning: Objective did not converge. You might want to increase the number of iterations, check the scale of the features or consider increasing regularisation. Duality gap: 1.068e+13, tolerance: 3.350e+09
  model = cd_fast.enet_coordinate_descent(

2026-01-25 12:33:01,450:WARNING:/opt/conda/lib/python3.10/site-packages/sklearn/linear_model/_coordinate_descent.py:631: ConvergenceWarning: Objective did not converge. You might want to increase the number of iterations, check the scale of the features or consider increasing regularisation. Duality gap: 1.062e+13, tolerance: 3.341e+09
  model = cd_fast.enet_coordinate_descent(

2026-01-25 12:33:01,464:INFO:Calculating mean and std
2026-01-25 12:33:01,465:INFO:Creating metrics dataframe
2026-01-25 12:33:01,469:INFO:Uploading results into container
2026-01-25 12:33:01,469:INFO:Uploading model into container now
2026-01-25 12:33:01,470:INFO:_master_model_container: 4
2026-01-25 12:33:01,470:INFO:_display_container: 2
2026-01-25 12:33:01,470:INFO:ElasticNet(random_state=42)
2026-01-25 12:33:01,470:INFO:create_model() successfully completed......................................
2026-01-25 12:33:01,631:INFO:SubProcess create_model() end ==================================
2026-01-25 12:33:01,631:INFO:Creating metrics dataframe
2026-01-25 12:33:01,637:INFO:Initializing Least Angle Regression
2026-01-25 12:33:01,638:INFO:Total runtime is 0.049709339936574296 minutes
2026-01-25 12:33:01,640:INFO:SubProcess create_model() called ==================================
2026-01-25 12:33:01,640:INFO:Initializing create_model()
2026-01-25 12:33:01,640:INFO:create_model(self=<pycaret.regression.oop.RegressionExperiment object at 0x7fb5a0792ce0>, estimator=lar, fold=KFold(n_splits=10, random_state=None, shuffle=False), round=4, cross_validation=True, predict=True, fit_kwargs={}, groups=None, refit=False, probability_threshold=None, experiment_custom_tags=None, verbose=False, system=False, add_to_model_list=True, metrics=None, display=<pycaret.internal.display.display.CommonDisplay object at 0x7fb60e7b3eb0>, model_only=True, return_train_score=False, error_score=0.0, kwargs={})
2026-01-25 12:33:01,640:INFO:Checking exceptions
2026-01-25 12:33:01,640:INFO:Importing libraries
2026-01-25 12:33:01,640:INFO:Copying training dataset
2026-01-25 12:33:01,649:INFO:Defining folds
2026-01-25 12:33:01,650:INFO:Declaring metric variables
2026-01-25 12:33:01,652:INFO:Importing untrained model
2026-01-25 12:33:01,654:INFO:Least Angle Regression Imported successfully
2026-01-25 12:33:01,658:INFO:Starting cross validation
2026-01-25 12:33:01,658:INFO:Cross validating with KFold(n_splits=10, random_state=None, shuffle=False), n_jobs=-1
2026-01-25 12:33:01,770:INFO:Calculating mean and std
2026-01-25 12:33:01,771:INFO:Creating metrics dataframe
2026-01-25 12:33:01,775:INFO:Uploading results into container
2026-01-25 12:33:01,775:INFO:Uploading model into container now
2026-01-25 12:33:01,775:INFO:_master_model_container: 5
2026-01-25 12:33:01,776:INFO:_display_container: 2
2026-01-25 12:33:01,776:INFO:Lars(random_state=42)
2026-01-25 12:33:01,776:INFO:create_model() successfully completed......................................
2026-01-25 12:33:01,929:INFO:SubProcess create_model() end ==================================
2026-01-25 12:33:01,929:INFO:Creating metrics dataframe
2026-01-25 12:33:01,935:INFO:Initializing Lasso Least Angle Regression
2026-01-25 12:33:01,935:INFO:Total runtime is 0.054674569765726724 minutes
2026-01-25 12:33:01,937:INFO:SubProcess create_model() called ==================================
2026-01-25 12:33:01,938:INFO:Initializing create_model()
2026-01-25 12:33:01,938:INFO:create_model(self=<pycaret.regression.oop.RegressionExperiment object at 0x7fb5a0792ce0>, estimator=llar, fold=KFold(n_splits=10, random_state=None, shuffle=False), round=4, cross_validation=True, predict=True, fit_kwargs={}, groups=None, refit=False, probability_threshold=None, experiment_custom_tags=None, verbose=False, system=False, add_to_model_list=True, metrics=None, display=<pycaret.internal.display.display.CommonDisplay object at 0x7fb60e7b3eb0>, model_only=True, return_train_score=False, error_score=0.0, kwargs={})
2026-01-25 12:33:01,938:INFO:Checking exceptions
2026-01-25 12:33:01,938:INFO:Importing libraries
2026-01-25 12:33:01,938:INFO:Copying training dataset
2026-01-25 12:33:01,947:INFO:Defining folds
2026-01-25 12:33:01,947:INFO:Declaring metric variables
2026-01-25 12:33:01,950:INFO:Importing untrained model
2026-01-25 12:33:01,952:INFO:Lasso Least Angle Regression Imported successfully
2026-01-25 12:33:01,956:INFO:Starting cross validation
2026-01-25 12:33:01,956:INFO:Cross validating with KFold(n_splits=10, random_state=None, shuffle=False), n_jobs=-1
2026-01-25 12:33:02,070:INFO:Calculating mean and std
2026-01-25 12:33:02,071:INFO:Creating metrics dataframe
2026-01-25 12:33:02,075:INFO:Uploading results into container
2026-01-25 12:33:02,075:INFO:Uploading model into container now
2026-01-25 12:33:02,076:INFO:_master_model_container: 6
2026-01-25 12:33:02,076:INFO:_display_container: 2
2026-01-25 12:33:02,076:INFO:LassoLars(random_state=42)
2026-01-25 12:33:02,076:INFO:create_model() successfully completed......................................
2026-01-25 12:33:02,248:INFO:SubProcess create_model() end ==================================
2026-01-25 12:33:02,248:INFO:Creating metrics dataframe
2026-01-25 12:33:02,255:INFO:Initializing Orthogonal Matching Pursuit
2026-01-25 12:33:02,255:INFO:Total runtime is 0.059999167919158936 minutes
2026-01-25 12:33:02,257:INFO:SubProcess create_model() called ==================================
2026-01-25 12:33:02,257:INFO:Initializing create_model()
2026-01-25 12:33:02,257:INFO:create_model(self=<pycaret.regression.oop.RegressionExperiment object at 0x7fb5a0792ce0>, estimator=omp, fold=KFold(n_splits=10, random_state=None, shuffle=False), round=4, cross_validation=True, predict=True, fit_kwargs={}, groups=None, refit=False, probability_threshold=None, experiment_custom_tags=None, verbose=False, system=False, add_to_model_list=True, metrics=None, display=<pycaret.internal.display.display.CommonDisplay object at 0x7fb60e7b3eb0>, model_only=True, return_train_score=False, error_score=0.0, kwargs={})
2026-01-25 12:33:02,257:INFO:Checking exceptions
2026-01-25 12:33:02,257:INFO:Importing libraries
2026-01-25 12:33:02,257:INFO:Copying training dataset
2026-01-25 12:33:02,266:INFO:Defining folds
2026-01-25 12:33:02,267:INFO:Declaring metric variables
2026-01-25 12:33:02,269:INFO:Importing untrained model
2026-01-25 12:33:02,270:INFO:Orthogonal Matching Pursuit Imported successfully
2026-01-25 12:33:02,274:INFO:Starting cross validation
2026-01-25 12:33:02,274:INFO:Cross validating with KFold(n_splits=10, random_state=None, shuffle=False), n_jobs=-1
2026-01-25 12:33:02,394:INFO:Calculating mean and std
2026-01-25 12:33:02,395:INFO:Creating metrics dataframe
2026-01-25 12:33:02,399:INFO:Uploading results into container
2026-01-25 12:33:02,400:INFO:Uploading model into container now
2026-01-25 12:33:02,400:INFO:_master_model_container: 7
2026-01-25 12:33:02,400:INFO:_display_container: 2
2026-01-25 12:33:02,401:INFO:OrthogonalMatchingPursuit()
2026-01-25 12:33:02,401:INFO:create_model() successfully completed......................................
2026-01-25 12:33:02,552:INFO:SubProcess create_model() end ==================================
2026-01-25 12:33:02,552:INFO:Creating metrics dataframe
2026-01-25 12:33:02,559:INFO:Initializing Bayesian Ridge
2026-01-25 12:33:02,559:INFO:Total runtime is 0.06506772836049397 minutes
2026-01-25 12:33:02,561:INFO:SubProcess create_model() called ==================================
2026-01-25 12:33:02,561:INFO:Initializing create_model()
2026-01-25 12:33:02,561:INFO:create_model(self=<pycaret.regression.oop.RegressionExperiment object at 0x7fb5a0792ce0>, estimator=br, fold=KFold(n_splits=10, random_state=None, shuffle=False), round=4, cross_validation=True, predict=True, fit_kwargs={}, groups=None, refit=False, probability_threshold=None, experiment_custom_tags=None, verbose=False, system=False, add_to_model_list=True, metrics=None, display=<pycaret.internal.display.display.CommonDisplay object at 0x7fb60e7b3eb0>, model_only=True, return_train_score=False, error_score=0.0, kwargs={})
2026-01-25 12:33:02,561:INFO:Checking exceptions
2026-01-25 12:33:02,561:INFO:Importing libraries
2026-01-25 12:33:02,561:INFO:Copying training dataset
2026-01-25 12:33:02,571:INFO:Defining folds
2026-01-25 12:33:02,571:INFO:Declaring metric variables
2026-01-25 12:33:02,573:INFO:Importing untrained model
2026-01-25 12:33:02,575:INFO:Bayesian Ridge Imported successfully
2026-01-25 12:33:02,578:INFO:Starting cross validation
2026-01-25 12:33:02,579:INFO:Cross validating with KFold(n_splits=10, random_state=None, shuffle=False), n_jobs=-1
2026-01-25 12:33:02,708:INFO:Calculating mean and std
2026-01-25 12:33:02,709:INFO:Creating metrics dataframe
2026-01-25 12:33:02,713:INFO:Uploading results into container
2026-01-25 12:33:02,714:INFO:Uploading model into container now
2026-01-25 12:33:02,714:INFO:_master_model_container: 8
2026-01-25 12:33:02,714:INFO:_display_container: 2
2026-01-25 12:33:02,714:INFO:BayesianRidge()
2026-01-25 12:33:02,714:INFO:create_model() successfully completed......................................
2026-01-25 12:33:02,866:INFO:SubProcess create_model() end ==================================
2026-01-25 12:33:02,866:INFO:Creating metrics dataframe
2026-01-25 12:33:02,872:INFO:Initializing Passive Aggressive Regressor
2026-01-25 12:33:02,873:INFO:Total runtime is 0.0702923576037089 minutes
2026-01-25 12:33:02,874:INFO:SubProcess create_model() called ==================================
2026-01-25 12:33:02,875:INFO:Initializing create_model()
2026-01-25 12:33:02,875:INFO:create_model(self=<pycaret.regression.oop.RegressionExperiment object at 0x7fb5a0792ce0>, estimator=par, fold=KFold(n_splits=10, random_state=None, shuffle=False), round=4, cross_validation=True, predict=True, fit_kwargs={}, groups=None, refit=False, probability_threshold=None, experiment_custom_tags=None, verbose=False, system=False, add_to_model_list=True, metrics=None, display=<pycaret.internal.display.display.CommonDisplay object at 0x7fb60e7b3eb0>, model_only=True, return_train_score=False, error_score=0.0, kwargs={})
2026-01-25 12:33:02,875:INFO:Checking exceptions
2026-01-25 12:33:02,875:INFO:Importing libraries
2026-01-25 12:33:02,875:INFO:Copying training dataset
2026-01-25 12:33:02,884:INFO:Defining folds
2026-01-25 12:33:02,884:INFO:Declaring metric variables
2026-01-25 12:33:02,887:INFO:Importing untrained model
2026-01-25 12:33:02,888:INFO:Passive Aggressive Regressor Imported successfully
2026-01-25 12:33:02,892:INFO:Starting cross validation
2026-01-25 12:33:02,893:INFO:Cross validating with KFold(n_splits=10, random_state=None, shuffle=False), n_jobs=-1
2026-01-25 12:33:03,038:INFO:Calculating mean and std
2026-01-25 12:33:03,039:INFO:Creating metrics dataframe
2026-01-25 12:33:03,044:INFO:Uploading results into container
2026-01-25 12:33:03,044:INFO:Uploading model into container now
2026-01-25 12:33:03,045:INFO:_master_model_container: 9
2026-01-25 12:33:03,045:INFO:_display_container: 2
2026-01-25 12:33:03,045:INFO:PassiveAggressiveRegressor(random_state=42)
2026-01-25 12:33:03,045:INFO:create_model() successfully completed......................................
2026-01-25 12:33:03,197:INFO:SubProcess create_model() end ==================================
2026-01-25 12:33:03,197:INFO:Creating metrics dataframe
2026-01-25 12:33:03,203:INFO:Initializing Huber Regressor
2026-01-25 12:33:03,204:INFO:Total runtime is 0.07580895026524861 minutes
2026-01-25 12:33:03,205:INFO:SubProcess create_model() called ==================================
2026-01-25 12:33:03,206:INFO:Initializing create_model()
2026-01-25 12:33:03,206:INFO:create_model(self=<pycaret.regression.oop.RegressionExperiment object at 0x7fb5a0792ce0>, estimator=huber, fold=KFold(n_splits=10, random_state=None, shuffle=False), round=4, cross_validation=True, predict=True, fit_kwargs={}, groups=None, refit=False, probability_threshold=None, experiment_custom_tags=None, verbose=False, system=False, add_to_model_list=True, metrics=None, display=<pycaret.internal.display.display.CommonDisplay object at 0x7fb60e7b3eb0>, model_only=True, return_train_score=False, error_score=0.0, kwargs={})
2026-01-25 12:33:03,206:INFO:Checking exceptions
2026-01-25 12:33:03,206:INFO:Importing libraries
2026-01-25 12:33:03,206:INFO:Copying training dataset
2026-01-25 12:33:03,215:INFO:Defining folds
2026-01-25 12:33:03,215:INFO:Declaring metric variables
2026-01-25 12:33:03,217:INFO:Importing untrained model
2026-01-25 12:33:03,219:INFO:Huber Regressor Imported successfully
2026-01-25 12:33:03,223:INFO:Starting cross validation
2026-01-25 12:33:03,223:INFO:Cross validating with KFold(n_splits=10, random_state=None, shuffle=False), n_jobs=-1
2026-01-25 12:33:03,433:INFO:Calculating mean and std
2026-01-25 12:33:03,434:INFO:Creating metrics dataframe
2026-01-25 12:33:03,437:INFO:Uploading results into container
2026-01-25 12:33:03,438:INFO:Uploading model into container now
2026-01-25 12:33:03,439:INFO:_master_model_container: 10
2026-01-25 12:33:03,439:INFO:_display_container: 2
2026-01-25 12:33:03,439:INFO:HuberRegressor()
2026-01-25 12:33:03,439:INFO:create_model() successfully completed......................................
2026-01-25 12:33:03,591:INFO:SubProcess create_model() end ==================================
2026-01-25 12:33:03,592:INFO:Creating metrics dataframe
2026-01-25 12:33:03,599:INFO:Initializing K Neighbors Regressor
2026-01-25 12:33:03,599:INFO:Total runtime is 0.08239820798238118 minutes
2026-01-25 12:33:03,601:INFO:SubProcess create_model() called ==================================
2026-01-25 12:33:03,601:INFO:Initializing create_model()
2026-01-25 12:33:03,601:INFO:create_model(self=<pycaret.regression.oop.RegressionExperiment object at 0x7fb5a0792ce0>, estimator=knn, fold=KFold(n_splits=10, random_state=None, shuffle=False), round=4, cross_validation=True, predict=True, fit_kwargs={}, groups=None, refit=False, probability_threshold=None, experiment_custom_tags=None, verbose=False, system=False, add_to_model_list=True, metrics=None, display=<pycaret.internal.display.display.CommonDisplay object at 0x7fb60e7b3eb0>, model_only=True, return_train_score=False, error_score=0.0, kwargs={})
2026-01-25 12:33:03,601:INFO:Checking exceptions
2026-01-25 12:33:03,601:INFO:Importing libraries
2026-01-25 12:33:03,601:INFO:Copying training dataset
2026-01-25 12:33:03,611:INFO:Defining folds
2026-01-25 12:33:03,611:INFO:Declaring metric variables
2026-01-25 12:33:03,613:INFO:Importing untrained model
2026-01-25 12:33:03,615:INFO:K Neighbors Regressor Imported successfully
2026-01-25 12:33:03,618:INFO:Starting cross validation
2026-01-25 12:33:03,619:INFO:Cross validating with KFold(n_splits=10, random_state=None, shuffle=False), n_jobs=-1
2026-01-25 12:33:03,846:INFO:Calculating mean and std
2026-01-25 12:33:03,847:INFO:Creating metrics dataframe
2026-01-25 12:33:03,852:INFO:Uploading results into container
2026-01-25 12:33:03,852:INFO:Uploading model into container now
2026-01-25 12:33:03,853:INFO:_master_model_container: 11
2026-01-25 12:33:03,853:INFO:_display_container: 2
2026-01-25 12:33:03,853:INFO:KNeighborsRegressor(n_jobs=-1)
2026-01-25 12:33:03,853:INFO:create_model() successfully completed......................................
2026-01-25 12:33:04,006:INFO:SubProcess create_model() end ==================================
2026-01-25 12:33:04,006:INFO:Creating metrics dataframe
2026-01-25 12:33:04,014:INFO:Initializing Decision Tree Regressor
2026-01-25 12:33:04,014:INFO:Total runtime is 0.08932355244954426 minutes
2026-01-25 12:33:04,016:INFO:SubProcess create_model() called ==================================
2026-01-25 12:33:04,016:INFO:Initializing create_model()
2026-01-25 12:33:04,017:INFO:create_model(self=<pycaret.regression.oop.RegressionExperiment object at 0x7fb5a0792ce0>, estimator=dt, fold=KFold(n_splits=10, random_state=None, shuffle=False), round=4, cross_validation=True, predict=True, fit_kwargs={}, groups=None, refit=False, probability_threshold=None, experiment_custom_tags=None, verbose=False, system=False, add_to_model_list=True, metrics=None, display=<pycaret.internal.display.display.CommonDisplay object at 0x7fb60e7b3eb0>, model_only=True, return_train_score=False, error_score=0.0, kwargs={})
2026-01-25 12:33:04,017:INFO:Checking exceptions
2026-01-25 12:33:04,017:INFO:Importing libraries
2026-01-25 12:33:04,017:INFO:Copying training dataset
2026-01-25 12:33:04,026:INFO:Defining folds
2026-01-25 12:33:04,026:INFO:Declaring metric variables
2026-01-25 12:33:04,028:INFO:Importing untrained model
2026-01-25 12:33:04,030:INFO:Decision Tree Regressor Imported successfully
2026-01-25 12:33:04,034:INFO:Starting cross validation
2026-01-25 12:33:04,034:INFO:Cross validating with KFold(n_splits=10, random_state=None, shuffle=False), n_jobs=-1
2026-01-25 12:33:04,333:INFO:Calculating mean and std
2026-01-25 12:33:04,335:INFO:Creating metrics dataframe
2026-01-25 12:33:04,338:INFO:Uploading results into container
2026-01-25 12:33:04,339:INFO:Uploading model into container now
2026-01-25 12:33:04,339:INFO:_master_model_container: 12
2026-01-25 12:33:04,340:INFO:_display_container: 2
2026-01-25 12:33:04,340:INFO:DecisionTreeRegressor(random_state=42)
2026-01-25 12:33:04,340:INFO:create_model() successfully completed......................................
2026-01-25 12:33:04,510:INFO:SubProcess create_model() end ==================================
2026-01-25 12:33:04,510:INFO:Creating metrics dataframe
2026-01-25 12:33:04,521:INFO:Initializing Random Forest Regressor
2026-01-25 12:33:04,521:INFO:Total runtime is 0.09776689211527506 minutes
2026-01-25 12:33:04,524:INFO:SubProcess create_model() called ==================================
2026-01-25 12:33:04,524:INFO:Initializing create_model()
2026-01-25 12:33:04,524:INFO:create_model(self=<pycaret.regression.oop.RegressionExperiment object at 0x7fb5a0792ce0>, estimator=rf, fold=KFold(n_splits=10, random_state=None, shuffle=False), round=4, cross_validation=True, predict=True, fit_kwargs={}, groups=None, refit=False, probability_threshold=None, experiment_custom_tags=None, verbose=False, system=False, add_to_model_list=True, metrics=None, display=<pycaret.internal.display.display.CommonDisplay object at 0x7fb60e7b3eb0>, model_only=True, return_train_score=False, error_score=0.0, kwargs={})
2026-01-25 12:33:04,524:INFO:Checking exceptions
2026-01-25 12:33:04,525:INFO:Importing libraries
2026-01-25 12:33:04,525:INFO:Copying training dataset
2026-01-25 12:33:04,538:INFO:Defining folds
2026-01-25 12:33:04,539:INFO:Declaring metric variables
2026-01-25 12:33:04,541:INFO:Importing untrained model
2026-01-25 12:33:04,544:INFO:Random Forest Regressor Imported successfully
2026-01-25 12:33:04,549:INFO:Starting cross validation
2026-01-25 12:33:04,550:INFO:Cross validating with KFold(n_splits=10, random_state=None, shuffle=False), n_jobs=-1
2026-01-25 12:33:22,758:INFO:Calculating mean and std
2026-01-25 12:33:22,759:INFO:Creating metrics dataframe
2026-01-25 12:33:22,763:INFO:Uploading results into container
2026-01-25 12:33:22,763:INFO:Uploading model into container now
2026-01-25 12:33:22,764:INFO:_master_model_container: 13
2026-01-25 12:33:22,764:INFO:_display_container: 2
2026-01-25 12:33:22,764:INFO:RandomForestRegressor(n_jobs=-1, random_state=42)
2026-01-25 12:33:22,765:INFO:create_model() successfully completed......................................
2026-01-25 12:33:22,932:INFO:SubProcess create_model() end ==================================
2026-01-25 12:33:22,932:INFO:Creating metrics dataframe
2026-01-25 12:33:22,940:INFO:Initializing Extra Trees Regressor
2026-01-25 12:33:22,940:INFO:Total runtime is 0.40474720398585 minutes
2026-01-25 12:33:22,942:INFO:SubProcess create_model() called ==================================
2026-01-25 12:33:22,942:INFO:Initializing create_model()
2026-01-25 12:33:22,942:INFO:create_model(self=<pycaret.regression.oop.RegressionExperiment object at 0x7fb5a0792ce0>, estimator=et, fold=KFold(n_splits=10, random_state=None, shuffle=False), round=4, cross_validation=True, predict=True, fit_kwargs={}, groups=None, refit=False, probability_threshold=None, experiment_custom_tags=None, verbose=False, system=False, add_to_model_list=True, metrics=None, display=<pycaret.internal.display.display.CommonDisplay object at 0x7fb60e7b3eb0>, model_only=True, return_train_score=False, error_score=0.0, kwargs={})
2026-01-25 12:33:22,942:INFO:Checking exceptions
2026-01-25 12:33:22,942:INFO:Importing libraries
2026-01-25 12:33:22,942:INFO:Copying training dataset
2026-01-25 12:33:22,952:INFO:Defining folds
2026-01-25 12:33:22,952:INFO:Declaring metric variables
2026-01-25 12:33:22,954:INFO:Importing untrained model
2026-01-25 12:33:22,956:INFO:Extra Trees Regressor Imported successfully
2026-01-25 12:33:22,960:INFO:Starting cross validation
2026-01-25 12:33:22,961:INFO:Cross validating with KFold(n_splits=10, random_state=None, shuffle=False), n_jobs=-1
2026-01-25 12:33:23,452:WARNING:/opt/conda/lib/python3.10/site-packages/joblib/externals/loky/process_executor.py:752: UserWarning: A worker stopped while some jobs were given to the executor. This can be caused by a too short worker timeout or by a memory leak.

2026-01-25 12:33:32,179:INFO:Calculating mean and std
2026-01-25 12:33:32,181:INFO:Creating metrics dataframe
2026-01-25 12:33:32,186:INFO:Uploading results into container
2026-01-25 12:33:32,186:INFO:Uploading model into container now
2026-01-25 12:33:32,187:INFO:_master_model_container: 14
2026-01-25 12:33:32,187:INFO:_display_container: 2
2026-01-25 12:33:32,187:INFO:ExtraTreesRegressor(n_jobs=-1, random_state=42)
2026-01-25 12:33:32,187:INFO:create_model() successfully completed......................................
2026-01-25 12:33:32,351:INFO:SubProcess create_model() end ==================================
2026-01-25 12:33:32,351:INFO:Creating metrics dataframe
2026-01-25 12:33:32,359:INFO:Initializing AdaBoost Regressor
2026-01-25 12:33:32,359:INFO:Total runtime is 0.5617359121640524 minutes
2026-01-25 12:33:32,361:INFO:SubProcess create_model() called ==================================
2026-01-25 12:33:32,361:INFO:Initializing create_model()
2026-01-25 12:33:32,362:INFO:create_model(self=<pycaret.regression.oop.RegressionExperiment object at 0x7fb5a0792ce0>, estimator=ada, fold=KFold(n_splits=10, random_state=None, shuffle=False), round=4, cross_validation=True, predict=True, fit_kwargs={}, groups=None, refit=False, probability_threshold=None, experiment_custom_tags=None, verbose=False, system=False, add_to_model_list=True, metrics=None, display=<pycaret.internal.display.display.CommonDisplay object at 0x7fb60e7b3eb0>, model_only=True, return_train_score=False, error_score=0.0, kwargs={})
2026-01-25 12:33:32,362:INFO:Checking exceptions
2026-01-25 12:33:32,362:INFO:Importing libraries
2026-01-25 12:33:32,362:INFO:Copying training dataset
2026-01-25 12:33:32,372:INFO:Defining folds
2026-01-25 12:33:32,372:INFO:Declaring metric variables
2026-01-25 12:33:32,375:INFO:Importing untrained model
2026-01-25 12:33:32,377:INFO:AdaBoost Regressor Imported successfully
2026-01-25 12:33:32,380:INFO:Starting cross validation
2026-01-25 12:33:32,381:INFO:Cross validating with KFold(n_splits=10, random_state=None, shuffle=False), n_jobs=-1
2026-01-25 12:33:33,568:INFO:Calculating mean and std
2026-01-25 12:33:33,569:INFO:Creating metrics dataframe
2026-01-25 12:33:33,573:INFO:Uploading results into container
2026-01-25 12:33:33,573:INFO:Uploading model into container now
2026-01-25 12:33:33,573:INFO:_master_model_container: 15
2026-01-25 12:33:33,574:INFO:_display_container: 2
2026-01-25 12:33:33,574:INFO:AdaBoostRegressor(random_state=42)
2026-01-25 12:33:33,574:INFO:create_model() successfully completed......................................
2026-01-25 12:33:33,729:INFO:SubProcess create_model() end ==================================
2026-01-25 12:33:33,730:INFO:Creating metrics dataframe
2026-01-25 12:33:33,737:INFO:Initializing Gradient Boosting Regressor
2026-01-25 12:33:33,738:INFO:Total runtime is 0.5847094933191935 minutes
2026-01-25 12:33:33,739:INFO:SubProcess create_model() called ==================================
2026-01-25 12:33:33,740:INFO:Initializing create_model()
2026-01-25 12:33:33,740:INFO:create_model(self=<pycaret.regression.oop.RegressionExperiment object at 0x7fb5a0792ce0>, estimator=gbr, fold=KFold(n_splits=10, random_state=None, shuffle=False), round=4, cross_validation=True, predict=True, fit_kwargs={}, groups=None, refit=False, probability_threshold=None, experiment_custom_tags=None, verbose=False, system=False, add_to_model_list=True, metrics=None, display=<pycaret.internal.display.display.CommonDisplay object at 0x7fb60e7b3eb0>, model_only=True, return_train_score=False, error_score=0.0, kwargs={})
2026-01-25 12:33:33,740:INFO:Checking exceptions
2026-01-25 12:33:33,740:INFO:Importing libraries
2026-01-25 12:33:33,740:INFO:Copying training dataset
2026-01-25 12:33:33,749:INFO:Defining folds
2026-01-25 12:33:33,750:INFO:Declaring metric variables
2026-01-25 12:33:33,752:INFO:Importing untrained model
2026-01-25 12:33:33,754:INFO:Gradient Boosting Regressor Imported successfully
2026-01-25 12:33:33,758:INFO:Starting cross validation
2026-01-25 12:33:33,759:INFO:Cross validating with KFold(n_splits=10, random_state=None, shuffle=False), n_jobs=-1
2026-01-25 12:33:37,317:INFO:Calculating mean and std
2026-01-25 12:33:37,317:INFO:Creating metrics dataframe
2026-01-25 12:33:37,320:INFO:Uploading results into container
2026-01-25 12:33:37,320:INFO:Uploading model into container now
2026-01-25 12:33:37,320:INFO:_master_model_container: 16
2026-01-25 12:33:37,320:INFO:_display_container: 2
2026-01-25 12:33:37,321:INFO:GradientBoostingRegressor(random_state=42)
2026-01-25 12:33:37,321:INFO:create_model() successfully completed......................................
2026-01-25 12:33:37,482:INFO:SubProcess create_model() end ==================================
2026-01-25 12:33:37,482:INFO:Creating metrics dataframe
2026-01-25 12:33:37,491:INFO:Initializing Extreme Gradient Boosting
2026-01-25 12:33:37,491:INFO:Total runtime is 0.6472683548927307 minutes
2026-01-25 12:33:37,493:INFO:SubProcess create_model() called ==================================
2026-01-25 12:33:37,493:INFO:Initializing create_model()
2026-01-25 12:33:37,493:INFO:create_model(self=<pycaret.regression.oop.RegressionExperiment object at 0x7fb5a0792ce0>, estimator=xgboost, fold=KFold(n_splits=10, random_state=None, shuffle=False), round=4, cross_validation=True, predict=True, fit_kwargs={}, groups=None, refit=False, probability_threshold=None, experiment_custom_tags=None, verbose=False, system=False, add_to_model_list=True, metrics=None, display=<pycaret.internal.display.display.CommonDisplay object at 0x7fb60e7b3eb0>, model_only=True, return_train_score=False, error_score=0.0, kwargs={})
2026-01-25 12:33:37,493:INFO:Checking exceptions
2026-01-25 12:33:37,493:INFO:Importing libraries
2026-01-25 12:33:37,494:INFO:Copying training dataset
2026-01-25 12:33:37,504:INFO:Defining folds
2026-01-25 12:33:37,504:INFO:Declaring metric variables
2026-01-25 12:33:37,506:INFO:Importing untrained model
2026-01-25 12:33:37,509:INFO:Extreme Gradient Boosting Imported successfully
2026-01-25 12:33:37,512:INFO:Starting cross validation
2026-01-25 12:33:37,513:INFO:Cross validating with KFold(n_splits=10, random_state=None, shuffle=False), n_jobs=-1
2026-01-25 12:33:39,491:INFO:Calculating mean and std
2026-01-25 12:33:39,493:INFO:Creating metrics dataframe
2026-01-25 12:33:39,497:INFO:Uploading results into container
2026-01-25 12:33:39,498:INFO:Uploading model into container now
2026-01-25 12:33:39,498:INFO:_master_model_container: 17
2026-01-25 12:33:39,498:INFO:_display_container: 2
2026-01-25 12:33:39,499:INFO:XGBRegressor(base_score=None, booster='gbtree', callbacks=None,
             colsample_bylevel=None, colsample_bynode=None,
             colsample_bytree=None, early_stopping_rounds=None,
             enable_categorical=False, eval_metric=None, gamma=None,
             gpu_id=None, grow_policy=None, importance_type=None,
             interaction_constraints=None, learning_rate=None, max_bin=None,
             max_cat_to_onehot=None, max_delta_step=None, max_depth=None,
             max_leaves=None, min_child_weight=None, missing=nan,
             monotone_constraints=None, n_estimators=100, n_jobs=-1,
             num_parallel_tree=None, predictor=None, random_state=42,
             reg_alpha=None, reg_lambda=None, ...)
2026-01-25 12:33:39,500:INFO:create_model() successfully completed......................................
2026-01-25 12:33:39,656:INFO:SubProcess create_model() end ==================================
2026-01-25 12:33:39,656:INFO:Creating metrics dataframe
2026-01-25 12:33:39,664:INFO:Initializing Light Gradient Boosting Machine
2026-01-25 12:33:39,664:INFO:Total runtime is 0.6834877332051595 minutes
2026-01-25 12:33:39,666:INFO:SubProcess create_model() called ==================================
2026-01-25 12:33:39,667:INFO:Initializing create_model()
2026-01-25 12:33:39,667:INFO:create_model(self=<pycaret.regression.oop.RegressionExperiment object at 0x7fb5a0792ce0>, estimator=lightgbm, fold=KFold(n_splits=10, random_state=None, shuffle=False), round=4, cross_validation=True, predict=True, fit_kwargs={}, groups=None, refit=False, probability_threshold=None, experiment_custom_tags=None, verbose=False, system=False, add_to_model_list=True, metrics=None, display=<pycaret.internal.display.display.CommonDisplay object at 0x7fb60e7b3eb0>, model_only=True, return_train_score=False, error_score=0.0, kwargs={})
2026-01-25 12:33:39,667:INFO:Checking exceptions
2026-01-25 12:33:39,667:INFO:Importing libraries
2026-01-25 12:33:39,667:INFO:Copying training dataset
2026-01-25 12:33:39,676:INFO:Defining folds
2026-01-25 12:33:39,677:INFO:Declaring metric variables
2026-01-25 12:33:39,679:INFO:Importing untrained model
2026-01-25 12:33:39,681:INFO:Light Gradient Boosting Machine Imported successfully
2026-01-25 12:33:39,685:INFO:Starting cross validation
2026-01-25 12:33:39,686:INFO:Cross validating with KFold(n_splits=10, random_state=None, shuffle=False), n_jobs=-1
2026-01-25 12:33:47,016:INFO:Calculating mean and std
2026-01-25 12:33:47,017:INFO:Creating metrics dataframe
2026-01-25 12:33:47,020:INFO:Uploading results into container
2026-01-25 12:33:47,020:INFO:Uploading model into container now
2026-01-25 12:33:47,020:INFO:_master_model_container: 18
2026-01-25 12:33:47,020:INFO:_display_container: 2
2026-01-25 12:33:47,020:INFO:LGBMRegressor(n_jobs=-1, random_state=42)
2026-01-25 12:33:47,021:INFO:create_model() successfully completed......................................
2026-01-25 12:33:47,176:INFO:SubProcess create_model() end ==================================
2026-01-25 12:33:47,176:INFO:Creating metrics dataframe
2026-01-25 12:33:47,185:INFO:Initializing CatBoost Regressor
2026-01-25 12:33:47,185:INFO:Total runtime is 0.8088312427202861 minutes
2026-01-25 12:33:47,187:INFO:SubProcess create_model() called ==================================
2026-01-25 12:33:47,187:INFO:Initializing create_model()
2026-01-25 12:33:47,187:INFO:create_model(self=<pycaret.regression.oop.RegressionExperiment object at 0x7fb5a0792ce0>, estimator=catboost, fold=KFold(n_splits=10, random_state=None, shuffle=False), round=4, cross_validation=True, predict=True, fit_kwargs={}, groups=None, refit=False, probability_threshold=None, experiment_custom_tags=None, verbose=False, system=False, add_to_model_list=True, metrics=None, display=<pycaret.internal.display.display.CommonDisplay object at 0x7fb60e7b3eb0>, model_only=True, return_train_score=False, error_score=0.0, kwargs={})
2026-01-25 12:33:47,187:INFO:Checking exceptions
2026-01-25 12:33:47,187:INFO:Importing libraries
2026-01-25 12:33:47,187:INFO:Copying training dataset
2026-01-25 12:33:47,197:INFO:Defining folds
2026-01-25 12:33:47,197:INFO:Declaring metric variables
2026-01-25 12:33:47,199:INFO:Importing untrained model
2026-01-25 12:33:47,202:INFO:CatBoost Regressor Imported successfully
2026-01-25 12:33:47,205:INFO:Starting cross validation
2026-01-25 12:33:47,206:INFO:Cross validating with KFold(n_splits=10, random_state=None, shuffle=False), n_jobs=-1
2026-01-25 12:34:28,815:INFO:Calculating mean and std
2026-01-25 12:34:28,817:INFO:Creating metrics dataframe
2026-01-25 12:34:28,821:INFO:Uploading results into container
2026-01-25 12:34:28,821:INFO:Uploading model into container now
2026-01-25 12:34:28,822:INFO:_master_model_container: 19
2026-01-25 12:34:28,822:INFO:_display_container: 2
2026-01-25 12:34:28,822:INFO:<catboost.core.CatBoostRegressor object at 0x7fb4822c0e80>
2026-01-25 12:34:28,822:INFO:create_model() successfully completed......................................
2026-01-25 12:34:28,975:INFO:SubProcess create_model() end ==================================
2026-01-25 12:34:28,975:INFO:Creating metrics dataframe
2026-01-25 12:34:28,984:INFO:Initializing Dummy Regressor
2026-01-25 12:34:28,984:INFO:Total runtime is 1.505481024583181 minutes
2026-01-25 12:34:28,986:INFO:SubProcess create_model() called ==================================
2026-01-25 12:34:28,986:INFO:Initializing create_model()
2026-01-25 12:34:28,986:INFO:create_model(self=<pycaret.regression.oop.RegressionExperiment object at 0x7fb5a0792ce0>, estimator=dummy, fold=KFold(n_splits=10, random_state=None, shuffle=False), round=4, cross_validation=True, predict=True, fit_kwargs={}, groups=None, refit=False, probability_threshold=None, experiment_custom_tags=None, verbose=False, system=False, add_to_model_list=True, metrics=None, display=<pycaret.internal.display.display.CommonDisplay object at 0x7fb60e7b3eb0>, model_only=True, return_train_score=False, error_score=0.0, kwargs={})
2026-01-25 12:34:28,986:INFO:Checking exceptions
2026-01-25 12:34:28,986:INFO:Importing libraries
2026-01-25 12:34:28,986:INFO:Copying training dataset
2026-01-25 12:34:28,996:INFO:Defining folds
2026-01-25 12:34:28,996:INFO:Declaring metric variables
2026-01-25 12:34:28,998:INFO:Importing untrained model
2026-01-25 12:34:29,000:INFO:Dummy Regressor Imported successfully
2026-01-25 12:34:29,004:INFO:Starting cross validation
2026-01-25 12:34:29,005:INFO:Cross validating with KFold(n_splits=10, random_state=None, shuffle=False), n_jobs=-1
2026-01-25 12:34:29,117:INFO:Calculating mean and std
2026-01-25 12:34:29,118:INFO:Creating metrics dataframe
2026-01-25 12:34:29,122:INFO:Uploading results into container
2026-01-25 12:34:29,123:INFO:Uploading model into container now
2026-01-25 12:34:29,123:INFO:_master_model_container: 20
2026-01-25 12:34:29,123:INFO:_display_container: 2
2026-01-25 12:34:29,124:INFO:DummyRegressor()
2026-01-25 12:34:29,124:INFO:create_model() successfully completed......................................
2026-01-25 12:34:29,281:INFO:SubProcess create_model() end ==================================
2026-01-25 12:34:29,281:INFO:Creating metrics dataframe
2026-01-25 12:34:29,296:INFO:Initializing create_model()
2026-01-25 12:34:29,296:INFO:create_model(self=<pycaret.regression.oop.RegressionExperiment object at 0x7fb5a0792ce0>, estimator=XGBRegressor(base_score=None, booster='gbtree', callbacks=None,
             colsample_bylevel=None, colsample_bynode=None,
             colsample_bytree=None, early_stopping_rounds=None,
             enable_categorical=False, eval_metric=None, gamma=None,
             gpu_id=None, grow_policy=None, importance_type=None,
             interaction_constraints=None, learning_rate=None, max_bin=None,
             max_cat_to_onehot=None, max_delta_step=None, max_depth=None,
             max_leaves=None, min_child_weight=None, missing=nan,
             monotone_constraints=None, n_estimators=100, n_jobs=-1,
             num_parallel_tree=None, predictor=None, random_state=42,
             reg_alpha=None, reg_lambda=None, ...), fold=KFold(n_splits=10, random_state=None, shuffle=False), round=4, cross_validation=False, predict=False, fit_kwargs={}, groups=None, refit=True, probability_threshold=None, experiment_custom_tags=None, verbose=False, system=False, add_to_model_list=True, metrics=None, display=None, model_only=True, return_train_score=False, error_score=0.0, kwargs={})
2026-01-25 12:34:29,296:INFO:Checking exceptions
2026-01-25 12:34:29,297:INFO:Importing libraries
2026-01-25 12:34:29,297:INFO:Copying training dataset
2026-01-25 12:34:29,307:INFO:Defining folds
2026-01-25 12:34:29,307:INFO:Declaring metric variables
2026-01-25 12:34:29,307:INFO:Importing untrained model
2026-01-25 12:34:29,307:INFO:Declaring custom model
2026-01-25 12:34:29,308:INFO:Extreme Gradient Boosting Imported successfully
2026-01-25 12:34:29,308:INFO:Cross validation set to False
2026-01-25 12:34:29,308:INFO:Fitting Model
2026-01-25 12:34:30,144:INFO:XGBRegressor(base_score=0.5, booster='gbtree', callbacks=None,
             colsample_bylevel=1, colsample_bynode=1, colsample_bytree=1,
             early_stopping_rounds=None, enable_categorical=False,
             eval_metric=None, gamma=0, gpu_id=-1, grow_policy='depthwise',
             importance_type=None, interaction_constraints='',
             learning_rate=0.300000012, max_bin=256, max_cat_to_onehot=4,
             max_delta_step=0, max_depth=6, max_leaves=0, min_child_weight=1,
             missing=nan, monotone_constraints='()', n_estimators=100,
             n_jobs=-1, num_parallel_tree=1, predictor='auto', random_state=42,
             reg_alpha=0, reg_lambda=1, ...)
2026-01-25 12:34:30,144:INFO:create_model() successfully completed......................................
2026-01-25 12:34:30,319:INFO:_master_model_container: 20
2026-01-25 12:34:30,319:INFO:_display_container: 2
2026-01-25 12:34:30,320:INFO:XGBRegressor(base_score=0.5, booster='gbtree', callbacks=None,
             colsample_bylevel=1, colsample_bynode=1, colsample_bytree=1,
             early_stopping_rounds=None, enable_categorical=False,
             eval_metric=None, gamma=0, gpu_id=-1, grow_policy='depthwise',
             importance_type=None, interaction_constraints='',
             learning_rate=0.300000012, max_bin=256, max_cat_to_onehot=4,
             max_delta_step=0, max_depth=6, max_leaves=0, min_child_weight=1,
             missing=nan, monotone_constraints='()', n_estimators=100,
             n_jobs=-1, num_parallel_tree=1, predictor='auto', random_state=42,
             reg_alpha=0, reg_lambda=1, ...)
2026-01-25 12:34:30,320:INFO:compare_models() successfully completed......................................
2026-01-27 02:03:42,134:WARNING:
'cuml' is a soft dependency and not included in the pycaret installation. Please run: `pip install cuml` to install.
2026-01-27 02:03:42,134:WARNING:
'cuml' is a soft dependency and not included in the pycaret installation. Please run: `pip install cuml` to install.
2026-01-27 02:03:42,134:WARNING:
'cuml' is a soft dependency and not included in the pycaret installation. Please run: `pip install cuml` to install.
2026-01-27 02:03:42,134:WARNING:
'cuml' is a soft dependency and not included in the pycaret installation. Please run: `pip install cuml` to install.
2026-01-27 02:03:42,206:INFO:PyCaret RegressionExperiment
2026-01-27 02:03:42,207:INFO:Logging name: reg-default-name
2026-01-27 02:03:42,207:INFO:ML Usecase: MLUsecase.REGRESSION
2026-01-27 02:03:42,207:INFO:version 3.2.0
2026-01-27 02:03:42,207:INFO:Initializing setup()
2026-01-27 02:03:42,207:INFO:self.USI: 32cc
2026-01-27 02:03:42,207:INFO:self._variable_keys: {'y_train', 'transform_target_param', '_ml_usecase', 'y', 'X_test', 'logging_param', 'exp_id', 'fold_shuffle_param', 'memory', 'seed', 'data', 'fold_generator', 'n_jobs_param', 'gpu_param', 'fold_groups_param', 'gpu_n_jobs_param', 'USI', 'X_train', 'html_param', 'y_test', '_available_plots', 'exp_name_log', 'pipeline', 'log_plots_param', 'target_param', 'X', 'idx'}
2026-01-27 02:03:42,207:INFO:Checking environment
2026-01-27 02:03:42,207:INFO:python_version: 3.10.13
2026-01-27 02:03:42,207:INFO:python_build: ('main', 'Sep 11 2023 13:44:35')
2026-01-27 02:03:42,207:INFO:machine: x86_64
2026-01-27 02:03:42,207:INFO:platform: Linux-5.4.0-166-generic-x86_64-with-glibc2.31
2026-01-27 02:03:42,207:INFO:Memory: svmem(total=270172102656, available=258365407232, percent=4.4, used=8750272512, free=181598842880, active=21560582144, inactive=54361673728, buffers=2197016576, cached=77625970688, shared=961200128, slab=10970071040)
2026-01-27 02:03:42,208:INFO:Physical Core: 32
2026-01-27 02:03:42,208:INFO:Logical Core: 64
2026-01-27 02:03:42,208:INFO:Checking libraries
2026-01-27 02:03:42,208:INFO:System:
2026-01-27 02:03:42,208:INFO:    python: 3.10.13 (main, Sep 11 2023, 13:44:35) [GCC 11.2.0]
2026-01-27 02:03:42,208:INFO:executable: /data/ephemeral/home/py310/bin/python
2026-01-27 02:03:42,208:INFO:   machine: Linux-5.4.0-166-generic-x86_64-with-glibc2.31
2026-01-27 02:03:42,208:INFO:PyCaret required dependencies:
2026-01-27 02:03:42,573:INFO:                 pip: 23.2.1
2026-01-27 02:03:42,573:INFO:          setuptools: 68.0.0
2026-01-27 02:03:42,573:INFO:             pycaret: 3.2.0
2026-01-27 02:03:42,573:INFO:             IPython: 8.15.0
2026-01-27 02:03:42,574:INFO:          ipywidgets: 8.1.1
2026-01-27 02:03:42,574:INFO:                tqdm: 4.66.1
2026-01-27 02:03:42,574:INFO:               numpy: 1.23.5
2026-01-27 02:03:42,574:INFO:              pandas: 1.5.3
2026-01-27 02:03:42,574:INFO:              jinja2: 3.1.2
2026-01-27 02:03:42,574:INFO:               scipy: 1.10.1
2026-01-27 02:03:42,574:INFO:              joblib: 1.3.2
2026-01-27 02:03:42,574:INFO:             sklearn: 1.2.2
2026-01-27 02:03:42,574:INFO:                pyod: 2.0.6
2026-01-27 02:03:42,574:INFO:            imblearn: 0.12.4
2026-01-27 02:03:42,574:INFO:   category_encoders: 2.7.0
2026-01-27 02:03:42,574:INFO:            lightgbm: 4.6.0
2026-01-27 02:03:42,574:INFO:               numba: 0.58.1
2026-01-27 02:03:42,574:INFO:            requests: 2.31.0
2026-01-27 02:03:42,574:INFO:          matplotlib: 3.7.1
2026-01-27 02:03:42,574:INFO:          scikitplot: 0.3.7
2026-01-27 02:03:42,574:INFO:         yellowbrick: 1.5
2026-01-27 02:03:42,574:INFO:              plotly: 5.24.1
2026-01-27 02:03:42,574:INFO:    plotly-resampler: Not installed
2026-01-27 02:03:42,574:INFO:             kaleido: 1.2.0
2026-01-27 02:03:42,574:INFO:           schemdraw: 0.15
2026-01-27 02:03:42,574:INFO:         statsmodels: 0.14.0
2026-01-27 02:03:42,574:INFO:              sktime: 0.21.1
2026-01-27 02:03:42,574:INFO:               tbats: 1.1.3
2026-01-27 02:03:42,574:INFO:            pmdarima: 2.0.4
2026-01-27 02:03:42,574:INFO:              psutil: 5.9.0
2026-01-27 02:03:42,574:INFO:          markupsafe: 2.1.1
2026-01-27 02:03:42,574:INFO:             pickle5: Not installed
2026-01-27 02:03:42,574:INFO:         cloudpickle: 2.2.1
2026-01-27 02:03:42,574:INFO:         deprecation: 2.1.0
2026-01-27 02:03:42,574:INFO:              xxhash: 3.6.0
2026-01-27 02:03:42,574:INFO:           wurlitzer: 3.1.1
2026-01-27 02:03:42,574:INFO:PyCaret optional dependencies:
2026-01-27 02:03:44,425:INFO:                shap: 0.44.1
2026-01-27 02:03:44,425:INFO:           interpret: 0.6.6
2026-01-27 02:03:44,425:INFO:                umap: 0.5.7
2026-01-27 02:03:44,425:INFO:     ydata_profiling: 4.6.0
2026-01-27 02:03:44,425:INFO:  explainerdashboard: 0.5.1
2026-01-27 02:03:44,425:INFO:             autoviz: 0.1.902
2026-01-27 02:03:44,425:INFO:           fairlearn: 0.7.0
2026-01-27 02:03:44,425:INFO:          deepchecks: 0.19.1
2026-01-27 02:03:44,425:INFO:             xgboost: 1.6.2
2026-01-27 02:03:44,425:INFO:            catboost: 1.2.8
2026-01-27 02:03:44,425:INFO:              kmodes: 0.12.2
2026-01-27 02:03:44,425:INFO:             mlxtend: 0.23.4
2026-01-27 02:03:44,425:INFO:       statsforecast: 1.5.0
2026-01-27 02:03:44,425:INFO:        tune_sklearn: 0.5.0
2026-01-27 02:03:44,425:INFO:                 ray: 2.52.1
2026-01-27 02:03:44,425:INFO:            hyperopt: 0.2.7
2026-01-27 02:03:44,425:INFO:              optuna: 4.7.0
2026-01-27 02:03:44,425:INFO:               skopt: 0.10.2
2026-01-27 02:03:44,425:INFO:              mlflow: 3.8.1
2026-01-27 02:03:44,425:INFO:              gradio: 3.50.2
2026-01-27 02:03:44,425:INFO:             fastapi: 0.125.0
2026-01-27 02:03:44,426:INFO:             uvicorn: 0.40.0
2026-01-27 02:03:44,426:INFO:              m2cgen: 0.10.0
2026-01-27 02:03:44,426:INFO:           evidently: 0.2.8
2026-01-27 02:03:44,426:INFO:               fugue: 0.8.6
2026-01-27 02:03:44,426:INFO:           streamlit: 1.52.2
2026-01-27 02:03:44,426:INFO:             prophet: Not installed
2026-01-27 02:03:44,426:INFO:None
2026-01-27 02:03:44,426:INFO:Set up data.
2026-01-27 02:03:44,433:INFO:Set up folding strategy.
2026-01-27 02:03:44,433:INFO:Set up train/test split.
2026-01-27 02:03:44,439:INFO:Set up index.
2026-01-27 02:03:44,440:INFO:Assigning column types.
2026-01-27 02:03:44,444:INFO:Engine successfully changes for model 'lr' to 'sklearn'.
2026-01-27 02:03:44,444:INFO:Engine for model 'lasso' has not been set explicitly, hence returning None.
2026-01-27 02:03:44,448:INFO:Engine for model 'ridge' has not been set explicitly, hence returning None.
2026-01-27 02:03:44,452:INFO:Engine for model 'en' has not been set explicitly, hence returning None.
2026-01-27 02:03:44,506:INFO:Engine for model 'svm' has not been set explicitly, hence returning None.
2026-01-27 02:03:44,544:INFO:Engine for model 'knn' has not been set explicitly, hence returning None.
2026-01-27 02:03:44,544:INFO:Soft dependency imported: xgboost: 1.6.2
2026-01-27 02:03:44,556:INFO:Soft dependency imported: catboost: 1.2.8
2026-01-27 02:03:44,565:INFO:Engine for model 'lasso' has not been set explicitly, hence returning None.
2026-01-27 02:03:44,569:INFO:Engine for model 'ridge' has not been set explicitly, hence returning None.
2026-01-27 02:03:44,573:INFO:Engine for model 'en' has not been set explicitly, hence returning None.
2026-01-27 02:03:44,627:INFO:Engine for model 'svm' has not been set explicitly, hence returning None.
2026-01-27 02:03:44,665:INFO:Engine for model 'knn' has not been set explicitly, hence returning None.
2026-01-27 02:03:44,665:INFO:Soft dependency imported: xgboost: 1.6.2
2026-01-27 02:03:44,667:INFO:Soft dependency imported: catboost: 1.2.8
2026-01-27 02:03:44,668:INFO:Engine successfully changes for model 'lasso' to 'sklearn'.
2026-01-27 02:03:44,672:INFO:Engine for model 'ridge' has not been set explicitly, hence returning None.
2026-01-27 02:03:44,675:INFO:Engine for model 'en' has not been set explicitly, hence returning None.
2026-01-27 02:03:44,728:INFO:Engine for model 'svm' has not been set explicitly, hence returning None.
2026-01-27 02:03:44,766:INFO:Engine for model 'knn' has not been set explicitly, hence returning None.
2026-01-27 02:03:44,766:INFO:Soft dependency imported: xgboost: 1.6.2
2026-01-27 02:03:44,769:INFO:Soft dependency imported: catboost: 1.2.8
2026-01-27 02:03:44,773:INFO:Engine for model 'ridge' has not been set explicitly, hence returning None.
2026-01-27 02:03:44,777:INFO:Engine for model 'en' has not been set explicitly, hence returning None.
2026-01-27 02:03:44,829:INFO:Engine for model 'svm' has not been set explicitly, hence returning None.
2026-01-27 02:03:44,869:INFO:Engine for model 'knn' has not been set explicitly, hence returning None.
2026-01-27 02:03:44,869:INFO:Soft dependency imported: xgboost: 1.6.2
2026-01-27 02:03:44,871:INFO:Soft dependency imported: catboost: 1.2.8
2026-01-27 02:03:44,871:INFO:Engine successfully changes for model 'ridge' to 'sklearn'.
2026-01-27 02:03:44,879:INFO:Engine for model 'en' has not been set explicitly, hence returning None.
2026-01-27 02:03:44,932:INFO:Engine for model 'svm' has not been set explicitly, hence returning None.
2026-01-27 02:03:44,970:INFO:Engine for model 'knn' has not been set explicitly, hence returning None.
2026-01-27 02:03:44,970:INFO:Soft dependency imported: xgboost: 1.6.2
2026-01-27 02:03:44,973:INFO:Soft dependency imported: catboost: 1.2.8
2026-01-27 02:03:44,981:INFO:Engine for model 'en' has not been set explicitly, hence returning None.
2026-01-27 02:03:45,037:INFO:Engine for model 'svm' has not been set explicitly, hence returning None.
2026-01-27 02:03:45,076:INFO:Engine for model 'knn' has not been set explicitly, hence returning None.
2026-01-27 02:03:45,076:INFO:Soft dependency imported: xgboost: 1.6.2
2026-01-27 02:03:45,078:INFO:Soft dependency imported: catboost: 1.2.8
2026-01-27 02:03:45,079:INFO:Engine successfully changes for model 'en' to 'sklearn'.
2026-01-27 02:03:45,140:INFO:Engine for model 'svm' has not been set explicitly, hence returning None.
2026-01-27 02:03:45,178:INFO:Engine for model 'knn' has not been set explicitly, hence returning None.
2026-01-27 02:03:45,180:INFO:Soft dependency imported: xgboost: 1.6.2
2026-01-27 02:03:45,182:INFO:Soft dependency imported: catboost: 1.2.8
2026-01-27 02:03:45,243:INFO:Engine for model 'svm' has not been set explicitly, hence returning None.
2026-01-27 02:03:45,281:INFO:Engine for model 'knn' has not been set explicitly, hence returning None.
2026-01-27 02:03:45,438:INFO:Soft dependency imported: xgboost: 1.6.2
2026-01-27 02:03:45,441:INFO:Soft dependency imported: catboost: 1.2.8
2026-01-27 02:03:45,441:INFO:Engine successfully changes for model 'knn' to 'sklearn'.
2026-01-27 02:03:45,503:INFO:Engine for model 'svm' has not been set explicitly, hence returning None.
2026-01-27 02:03:45,541:INFO:Soft dependency imported: xgboost: 1.6.2
2026-01-27 02:03:45,543:INFO:Soft dependency imported: catboost: 1.2.8
2026-01-27 02:03:45,604:INFO:Engine for model 'svm' has not been set explicitly, hence returning None.
2026-01-27 02:03:45,643:INFO:Soft dependency imported: xgboost: 1.6.2
2026-01-27 02:03:45,645:INFO:Soft dependency imported: catboost: 1.2.8
2026-01-27 02:03:45,645:INFO:Engine successfully changes for model 'svm' to 'sklearn'.
2026-01-27 02:03:45,744:INFO:Soft dependency imported: xgboost: 1.6.2
2026-01-27 02:03:45,747:INFO:Soft dependency imported: catboost: 1.2.8
2026-01-27 02:03:45,847:INFO:Soft dependency imported: xgboost: 1.6.2
2026-01-27 02:03:45,849:INFO:Soft dependency imported: catboost: 1.2.8
2026-01-27 02:03:45,850:INFO:Preparing preprocessing pipeline...
2026-01-27 02:03:45,850:INFO:Set up simple imputation.
2026-01-27 02:03:45,879:INFO:Finished creating preprocessing pipeline.
2026-01-27 02:03:45,882:INFO:Pipeline: Pipeline(memory=FastMemory(location=/tmp/joblib),
         steps=[('numerical_imputer',
                 TransformerWrapper(include=['area_m2', 'year', 'floor',
                                             'area_x_year'],
                                    transformer=SimpleImputer())),
                ('categorical_imputer',
                 TransformerWrapper(include=[],
                                    transformer=SimpleImputer(strategy='most_frequent')))])
2026-01-27 02:03:45,882:INFO:Creating final display dataframe.
2026-01-27 02:03:45,954:INFO:Setup _display_container:                     Description             Value
0                    Session id                42
1                        Target            target
2                   Target type        Regression
3           Original data shape        (88010, 5)
4        Transformed data shape        (88010, 5)
5   Transformed train set shape        (61606, 5)
6    Transformed test set shape        (26404, 5)
7              Numeric features                 4
8                    Preprocess              True
9               Imputation type            simple
10           Numeric imputation              mean
11       Categorical imputation              mode
12               Fold Generator             KFold
13                  Fold Number                10
14                     CPU Jobs                -1
15                      Use GPU             False
16               Log Experiment             False
17              Experiment Name  reg-default-name
18                          USI              32cc
2026-01-27 02:03:46,054:INFO:Soft dependency imported: xgboost: 1.6.2
2026-01-27 02:03:46,056:INFO:Soft dependency imported: catboost: 1.2.8
2026-01-27 02:03:46,156:INFO:Soft dependency imported: xgboost: 1.6.2
2026-01-27 02:03:46,158:INFO:Soft dependency imported: catboost: 1.2.8
2026-01-27 02:03:46,159:INFO:setup() successfully completed in 3.95s...............
2026-01-27 02:03:46,184:INFO:Initializing compare_models()
2026-01-27 02:03:46,184:INFO:compare_models(self=<pycaret.regression.oop.RegressionExperiment object at 0x7f346c766590>, include=None, fold=None, round=4, cross_validation=True, sort=RMSE, n_select=1, budget_time=None, turbo=True, errors=ignore, fit_kwargs=None, groups=None, experiment_custom_tags=None, probability_threshold=None, verbose=True, parallel=None, caller_params={'self': <pycaret.regression.oop.RegressionExperiment object at 0x7f346c766590>, 'include': None, 'exclude': None, 'fold': None, 'round': 4, 'cross_validation': True, 'sort': 'RMSE', 'n_select': 1, 'budget_time': None, 'turbo': True, 'errors': 'ignore', 'fit_kwargs': None, 'groups': None, 'experiment_custom_tags': None, 'engine': None, 'verbose': True, 'parallel': None, '__class__': <class 'pycaret.regression.oop.RegressionExperiment'>}, exclude=None)
2026-01-27 02:03:46,184:INFO:Checking exceptions
2026-01-27 02:03:46,190:INFO:Preparing display monitor
2026-01-27 02:03:46,206:INFO:Initializing Linear Regression
2026-01-27 02:03:46,206:INFO:Total runtime is 2.8292338053385418e-06 minutes
2026-01-27 02:03:46,207:INFO:SubProcess create_model() called ==================================
2026-01-27 02:03:46,208:INFO:Initializing create_model()
2026-01-27 02:03:46,208:INFO:create_model(self=<pycaret.regression.oop.RegressionExperiment object at 0x7f346c766590>, estimator=lr, fold=KFold(n_splits=10, random_state=None, shuffle=False), round=4, cross_validation=True, predict=True, fit_kwargs={}, groups=None, refit=False, probability_threshold=None, experiment_custom_tags=None, verbose=False, system=False, add_to_model_list=True, metrics=None, display=<pycaret.internal.display.display.CommonDisplay object at 0x7f346c767970>, model_only=True, return_train_score=False, error_score=0.0, kwargs={})
2026-01-27 02:03:46,208:INFO:Checking exceptions
2026-01-27 02:03:46,208:INFO:Importing libraries
2026-01-27 02:03:46,208:INFO:Copying training dataset
2026-01-27 02:03:46,217:INFO:Defining folds
2026-01-27 02:03:46,217:INFO:Declaring metric variables
2026-01-27 02:03:46,219:INFO:Importing untrained model
2026-01-27 02:03:46,221:INFO:Linear Regression Imported successfully
2026-01-27 02:03:46,225:INFO:Starting cross validation
2026-01-27 02:03:46,227:INFO:Cross validating with KFold(n_splits=10, random_state=None, shuffle=False), n_jobs=-1
2026-01-27 02:03:47,695:INFO:Calculating mean and std
2026-01-27 02:03:47,697:INFO:Creating metrics dataframe
2026-01-27 02:03:47,701:INFO:Uploading results into container
2026-01-27 02:03:47,701:INFO:Uploading model into container now
2026-01-27 02:03:47,702:INFO:_master_model_container: 1
2026-01-27 02:03:47,702:INFO:_display_container: 2
2026-01-27 02:03:47,702:INFO:LinearRegression(n_jobs=-1)
2026-01-27 02:03:47,702:INFO:create_model() successfully completed......................................
2026-01-27 02:03:47,858:INFO:SubProcess create_model() end ==================================
2026-01-27 02:03:47,859:INFO:Creating metrics dataframe
2026-01-27 02:03:47,864:INFO:Initializing Lasso Regression
2026-01-27 02:03:47,864:INFO:Total runtime is 0.027646986643473308 minutes
2026-01-27 02:03:47,866:INFO:SubProcess create_model() called ==================================
2026-01-27 02:03:47,867:INFO:Initializing create_model()
2026-01-27 02:03:47,867:INFO:create_model(self=<pycaret.regression.oop.RegressionExperiment object at 0x7f346c766590>, estimator=lasso, fold=KFold(n_splits=10, random_state=None, shuffle=False), round=4, cross_validation=True, predict=True, fit_kwargs={}, groups=None, refit=False, probability_threshold=None, experiment_custom_tags=None, verbose=False, system=False, add_to_model_list=True, metrics=None, display=<pycaret.internal.display.display.CommonDisplay object at 0x7f346c767970>, model_only=True, return_train_score=False, error_score=0.0, kwargs={})
2026-01-27 02:03:47,867:INFO:Checking exceptions
2026-01-27 02:03:47,867:INFO:Importing libraries
2026-01-27 02:03:47,867:INFO:Copying training dataset
2026-01-27 02:03:47,876:INFO:Defining folds
2026-01-27 02:03:47,876:INFO:Declaring metric variables
2026-01-27 02:03:47,879:INFO:Importing untrained model
2026-01-27 02:03:47,881:INFO:Lasso Regression Imported successfully
2026-01-27 02:03:47,884:INFO:Starting cross validation
2026-01-27 02:03:47,885:INFO:Cross validating with KFold(n_splits=10, random_state=None, shuffle=False), n_jobs=-1
2026-01-27 02:03:48,087:WARNING:/opt/conda/lib/python3.10/site-packages/sklearn/linear_model/_coordinate_descent.py:631: ConvergenceWarning: Objective did not converge. You might want to increase the number of iterations, check the scale of the features or consider increasing regularisation. Duality gap: 4.774e+12, tolerance: 3.356e+09
  model = cd_fast.enet_coordinate_descent(

2026-01-27 02:03:48,089:WARNING:/opt/conda/lib/python3.10/site-packages/sklearn/linear_model/_coordinate_descent.py:631: ConvergenceWarning: Objective did not converge. You might want to increase the number of iterations, check the scale of the features or consider increasing regularisation. Duality gap: 5.392e+12, tolerance: 3.351e+09
  model = cd_fast.enet_coordinate_descent(

2026-01-27 02:03:48,095:WARNING:/opt/conda/lib/python3.10/site-packages/sklearn/linear_model/_coordinate_descent.py:631: ConvergenceWarning: Objective did not converge. You might want to increase the number of iterations, check the scale of the features or consider increasing regularisation. Duality gap: 1.545e+11, tolerance: 3.358e+09
  model = cd_fast.enet_coordinate_descent(

2026-01-27 02:03:48,138:WARNING:/opt/conda/lib/python3.10/site-packages/sklearn/linear_model/_coordinate_descent.py:631: ConvergenceWarning: Objective did not converge. You might want to increase the number of iterations, check the scale of the features or consider increasing regularisation. Duality gap: 1.576e+12, tolerance: 3.354e+09
  model = cd_fast.enet_coordinate_descent(

2026-01-27 02:03:48,148:WARNING:/opt/conda/lib/python3.10/site-packages/sklearn/linear_model/_coordinate_descent.py:631: ConvergenceWarning: Objective did not converge. You might want to increase the number of iterations, check the scale of the features or consider increasing regularisation. Duality gap: 2.257e+12, tolerance: 3.355e+09
  model = cd_fast.enet_coordinate_descent(

2026-01-27 02:03:48,171:WARNING:/opt/conda/lib/python3.10/site-packages/sklearn/linear_model/_coordinate_descent.py:631: ConvergenceWarning: Objective did not converge. You might want to increase the number of iterations, check the scale of the features or consider increasing regularisation. Duality gap: 2.910e+11, tolerance: 3.341e+09
  model = cd_fast.enet_coordinate_descent(

2026-01-27 02:03:48,195:WARNING:/opt/conda/lib/python3.10/site-packages/sklearn/linear_model/_coordinate_descent.py:631: ConvergenceWarning: Objective did not converge. You might want to increase the number of iterations, check the scale of the features or consider increasing regularisation. Duality gap: 1.265e+12, tolerance: 3.355e+09
  model = cd_fast.enet_coordinate_descent(

2026-01-27 02:03:48,219:WARNING:/opt/conda/lib/python3.10/site-packages/sklearn/linear_model/_coordinate_descent.py:631: ConvergenceWarning: Objective did not converge. You might want to increase the number of iterations, check the scale of the features or consider increasing regularisation. Duality gap: 4.002e+12, tolerance: 3.338e+09
  model = cd_fast.enet_coordinate_descent(

2026-01-27 02:03:48,230:INFO:Calculating mean and std
2026-01-27 02:03:48,231:INFO:Creating metrics dataframe
2026-01-27 02:03:48,235:INFO:Uploading results into container
2026-01-27 02:03:48,236:INFO:Uploading model into container now
2026-01-27 02:03:48,236:INFO:_master_model_container: 2
2026-01-27 02:03:48,236:INFO:_display_container: 2
2026-01-27 02:03:48,237:INFO:Lasso(random_state=42)
2026-01-27 02:03:48,237:INFO:create_model() successfully completed......................................
2026-01-27 02:03:48,390:INFO:SubProcess create_model() end ==================================
2026-01-27 02:03:48,390:INFO:Creating metrics dataframe
2026-01-27 02:03:48,396:INFO:Initializing Ridge Regression
2026-01-27 02:03:48,397:INFO:Total runtime is 0.03651751677195231 minutes
2026-01-27 02:03:48,399:INFO:SubProcess create_model() called ==================================
2026-01-27 02:03:48,399:INFO:Initializing create_model()
2026-01-27 02:03:48,399:INFO:create_model(self=<pycaret.regression.oop.RegressionExperiment object at 0x7f346c766590>, estimator=ridge, fold=KFold(n_splits=10, random_state=None, shuffle=False), round=4, cross_validation=True, predict=True, fit_kwargs={}, groups=None, refit=False, probability_threshold=None, experiment_custom_tags=None, verbose=False, system=False, add_to_model_list=True, metrics=None, display=<pycaret.internal.display.display.CommonDisplay object at 0x7f346c767970>, model_only=True, return_train_score=False, error_score=0.0, kwargs={})
2026-01-27 02:03:48,399:INFO:Checking exceptions
2026-01-27 02:03:48,399:INFO:Importing libraries
2026-01-27 02:03:48,399:INFO:Copying training dataset
2026-01-27 02:03:48,408:INFO:Defining folds
2026-01-27 02:03:48,409:INFO:Declaring metric variables
2026-01-27 02:03:48,411:INFO:Importing untrained model
2026-01-27 02:03:48,413:INFO:Ridge Regression Imported successfully
2026-01-27 02:03:48,416:INFO:Starting cross validation
2026-01-27 02:03:48,417:INFO:Cross validating with KFold(n_splits=10, random_state=None, shuffle=False), n_jobs=-1
2026-01-27 02:03:48,537:INFO:Calculating mean and std
2026-01-27 02:03:48,538:INFO:Creating metrics dataframe
2026-01-27 02:03:48,540:INFO:Uploading results into container
2026-01-27 02:03:48,540:INFO:Uploading model into container now
2026-01-27 02:03:48,540:INFO:_master_model_container: 3
2026-01-27 02:03:48,541:INFO:_display_container: 2
2026-01-27 02:03:48,541:INFO:Ridge(random_state=42)
2026-01-27 02:03:48,541:INFO:create_model() successfully completed......................................
2026-01-27 02:03:48,695:INFO:SubProcess create_model() end ==================================
2026-01-27 02:03:48,695:INFO:Creating metrics dataframe
2026-01-27 02:03:48,701:INFO:Initializing Elastic Net
2026-01-27 02:03:48,702:INFO:Total runtime is 0.04160067240397135 minutes
2026-01-27 02:03:48,704:INFO:SubProcess create_model() called ==================================
2026-01-27 02:03:48,704:INFO:Initializing create_model()
2026-01-27 02:03:48,704:INFO:create_model(self=<pycaret.regression.oop.RegressionExperiment object at 0x7f346c766590>, estimator=en, fold=KFold(n_splits=10, random_state=None, shuffle=False), round=4, cross_validation=True, predict=True, fit_kwargs={}, groups=None, refit=False, probability_threshold=None, experiment_custom_tags=None, verbose=False, system=False, add_to_model_list=True, metrics=None, display=<pycaret.internal.display.display.CommonDisplay object at 0x7f346c767970>, model_only=True, return_train_score=False, error_score=0.0, kwargs={})
2026-01-27 02:03:48,704:INFO:Checking exceptions
2026-01-27 02:03:48,704:INFO:Importing libraries
2026-01-27 02:03:48,704:INFO:Copying training dataset
2026-01-27 02:03:48,713:INFO:Defining folds
2026-01-27 02:03:48,714:INFO:Declaring metric variables
2026-01-27 02:03:48,716:INFO:Importing untrained model
2026-01-27 02:03:48,718:INFO:Elastic Net Imported successfully
2026-01-27 02:03:48,721:INFO:Starting cross validation
2026-01-27 02:03:48,722:INFO:Cross validating with KFold(n_splits=10, random_state=None, shuffle=False), n_jobs=-1
2026-01-27 02:03:48,929:WARNING:/opt/conda/lib/python3.10/site-packages/sklearn/linear_model/_coordinate_descent.py:631: ConvergenceWarning: Objective did not converge. You might want to increase the number of iterations, check the scale of the features or consider increasing regularisation. Duality gap: 1.068e+13, tolerance: 3.350e+09
  model = cd_fast.enet_coordinate_descent(

2026-01-27 02:03:48,935:WARNING:/opt/conda/lib/python3.10/site-packages/sklearn/linear_model/_coordinate_descent.py:631: ConvergenceWarning: Objective did not converge. You might want to increase the number of iterations, check the scale of the features or consider increasing regularisation. Duality gap: 1.062e+13, tolerance: 3.341e+09
  model = cd_fast.enet_coordinate_descent(

2026-01-27 02:03:48,990:WARNING:/opt/conda/lib/python3.10/site-packages/sklearn/linear_model/_coordinate_descent.py:631: ConvergenceWarning: Objective did not converge. You might want to increase the number of iterations, check the scale of the features or consider increasing regularisation. Duality gap: 1.064e+13, tolerance: 3.349e+09
  model = cd_fast.enet_coordinate_descent(

2026-01-27 02:03:49,005:WARNING:/opt/conda/lib/python3.10/site-packages/sklearn/linear_model/_coordinate_descent.py:631: ConvergenceWarning: Objective did not converge. You might want to increase the number of iterations, check the scale of the features or consider increasing regularisation. Duality gap: 1.070e+13, tolerance: 3.358e+09
  model = cd_fast.enet_coordinate_descent(

2026-01-27 02:03:49,013:WARNING:/opt/conda/lib/python3.10/site-packages/sklearn/linear_model/_coordinate_descent.py:631: ConvergenceWarning: Objective did not converge. You might want to increase the number of iterations, check the scale of the features or consider increasing regularisation. Duality gap: 1.068e+13, tolerance: 3.354e+09
  model = cd_fast.enet_coordinate_descent(

2026-01-27 02:03:49,027:WARNING:/opt/conda/lib/python3.10/site-packages/sklearn/linear_model/_coordinate_descent.py:631: ConvergenceWarning: Objective did not converge. You might want to increase the number of iterations, check the scale of the features or consider increasing regularisation. Duality gap: 1.068e+13, tolerance: 3.356e+09
  model = cd_fast.enet_coordinate_descent(

2026-01-27 02:03:49,038:WARNING:/opt/conda/lib/python3.10/site-packages/sklearn/linear_model/_coordinate_descent.py:631: ConvergenceWarning: Objective did not converge. You might want to increase the number of iterations, check the scale of the features or consider increasing regularisation. Duality gap: 1.068e+13, tolerance: 3.355e+09
  model = cd_fast.enet_coordinate_descent(

2026-01-27 02:03:49,039:WARNING:/opt/conda/lib/python3.10/site-packages/sklearn/linear_model/_coordinate_descent.py:631: ConvergenceWarning: Objective did not converge. You might want to increase the number of iterations, check the scale of the features or consider increasing regularisation. Duality gap: 1.069e+13, tolerance: 3.355e+09
  model = cd_fast.enet_coordinate_descent(

2026-01-27 02:03:49,043:WARNING:/opt/conda/lib/python3.10/site-packages/sklearn/linear_model/_coordinate_descent.py:631: ConvergenceWarning: Objective did not converge. You might want to increase the number of iterations, check the scale of the features or consider increasing regularisation. Duality gap: 1.063e+13, tolerance: 3.338e+09
  model = cd_fast.enet_coordinate_descent(

2026-01-27 02:03:49,052:WARNING:/opt/conda/lib/python3.10/site-packages/sklearn/linear_model/_coordinate_descent.py:631: ConvergenceWarning: Objective did not converge. You might want to increase the number of iterations, check the scale of the features or consider increasing regularisation. Duality gap: 1.067e+13, tolerance: 3.351e+09
  model = cd_fast.enet_coordinate_descent(

2026-01-27 02:03:49,067:INFO:Calculating mean and std
2026-01-27 02:03:49,068:INFO:Creating metrics dataframe
2026-01-27 02:03:49,070:INFO:Uploading results into container
2026-01-27 02:03:49,070:INFO:Uploading model into container now
2026-01-27 02:03:49,071:INFO:_master_model_container: 4
2026-01-27 02:03:49,071:INFO:_display_container: 2
2026-01-27 02:03:49,071:INFO:ElasticNet(random_state=42)
2026-01-27 02:03:49,071:INFO:create_model() successfully completed......................................
2026-01-27 02:03:49,224:INFO:SubProcess create_model() end ==================================
2026-01-27 02:03:49,224:INFO:Creating metrics dataframe
2026-01-27 02:03:49,231:INFO:Initializing Least Angle Regression
2026-01-27 02:03:49,231:INFO:Total runtime is 0.0504231293996175 minutes
2026-01-27 02:03:49,233:INFO:SubProcess create_model() called ==================================
2026-01-27 02:03:49,233:INFO:Initializing create_model()
2026-01-27 02:03:49,233:INFO:create_model(self=<pycaret.regression.oop.RegressionExperiment object at 0x7f346c766590>, estimator=lar, fold=KFold(n_splits=10, random_state=None, shuffle=False), round=4, cross_validation=True, predict=True, fit_kwargs={}, groups=None, refit=False, probability_threshold=None, experiment_custom_tags=None, verbose=False, system=False, add_to_model_list=True, metrics=None, display=<pycaret.internal.display.display.CommonDisplay object at 0x7f346c767970>, model_only=True, return_train_score=False, error_score=0.0, kwargs={})
2026-01-27 02:03:49,233:INFO:Checking exceptions
2026-01-27 02:03:49,233:INFO:Importing libraries
2026-01-27 02:03:49,233:INFO:Copying training dataset
2026-01-27 02:03:49,243:INFO:Defining folds
2026-01-27 02:03:49,243:INFO:Declaring metric variables
2026-01-27 02:03:49,245:INFO:Importing untrained model
2026-01-27 02:03:49,247:INFO:Least Angle Regression Imported successfully
2026-01-27 02:03:49,251:INFO:Starting cross validation
2026-01-27 02:03:49,251:INFO:Cross validating with KFold(n_splits=10, random_state=None, shuffle=False), n_jobs=-1
2026-01-27 02:03:49,366:INFO:Calculating mean and std
2026-01-27 02:03:49,367:INFO:Creating metrics dataframe
2026-01-27 02:03:49,370:INFO:Uploading results into container
2026-01-27 02:03:49,371:INFO:Uploading model into container now
2026-01-27 02:03:49,371:INFO:_master_model_container: 5
2026-01-27 02:03:49,371:INFO:_display_container: 2
2026-01-27 02:03:49,372:INFO:Lars(random_state=42)
2026-01-27 02:03:49,372:INFO:create_model() successfully completed......................................
2026-01-27 02:03:49,525:INFO:SubProcess create_model() end ==================================
2026-01-27 02:03:49,525:INFO:Creating metrics dataframe
2026-01-27 02:03:49,532:INFO:Initializing Lasso Least Angle Regression
2026-01-27 02:03:49,532:INFO:Total runtime is 0.05544278224309285 minutes
2026-01-27 02:03:49,534:INFO:SubProcess create_model() called ==================================
2026-01-27 02:03:49,534:INFO:Initializing create_model()
2026-01-27 02:03:49,534:INFO:create_model(self=<pycaret.regression.oop.RegressionExperiment object at 0x7f346c766590>, estimator=llar, fold=KFold(n_splits=10, random_state=None, shuffle=False), round=4, cross_validation=True, predict=True, fit_kwargs={}, groups=None, refit=False, probability_threshold=None, experiment_custom_tags=None, verbose=False, system=False, add_to_model_list=True, metrics=None, display=<pycaret.internal.display.display.CommonDisplay object at 0x7f346c767970>, model_only=True, return_train_score=False, error_score=0.0, kwargs={})
2026-01-27 02:03:49,535:INFO:Checking exceptions
2026-01-27 02:03:49,535:INFO:Importing libraries
2026-01-27 02:03:49,535:INFO:Copying training dataset
2026-01-27 02:03:49,544:INFO:Defining folds
2026-01-27 02:03:49,544:INFO:Declaring metric variables
2026-01-27 02:03:49,546:INFO:Importing untrained model
2026-01-27 02:03:49,548:INFO:Lasso Least Angle Regression Imported successfully
2026-01-27 02:03:49,552:INFO:Starting cross validation
2026-01-27 02:03:49,553:INFO:Cross validating with KFold(n_splits=10, random_state=None, shuffle=False), n_jobs=-1
2026-01-27 02:03:49,677:INFO:Calculating mean and std
2026-01-27 02:03:49,678:INFO:Creating metrics dataframe
2026-01-27 02:03:49,682:INFO:Uploading results into container
2026-01-27 02:03:49,682:INFO:Uploading model into container now
2026-01-27 02:03:49,683:INFO:_master_model_container: 6
2026-01-27 02:03:49,683:INFO:_display_container: 2
2026-01-27 02:03:49,683:INFO:LassoLars(random_state=42)
2026-01-27 02:03:49,684:INFO:create_model() successfully completed......................................
2026-01-27 02:03:49,836:INFO:SubProcess create_model() end ==================================
2026-01-27 02:03:49,836:INFO:Creating metrics dataframe
2026-01-27 02:03:49,843:INFO:Initializing Orthogonal Matching Pursuit
2026-01-27 02:03:49,843:INFO:Total runtime is 0.06062540610631306 minutes
2026-01-27 02:03:49,845:INFO:SubProcess create_model() called ==================================
2026-01-27 02:03:49,845:INFO:Initializing create_model()
2026-01-27 02:03:49,845:INFO:create_model(self=<pycaret.regression.oop.RegressionExperiment object at 0x7f346c766590>, estimator=omp, fold=KFold(n_splits=10, random_state=None, shuffle=False), round=4, cross_validation=True, predict=True, fit_kwargs={}, groups=None, refit=False, probability_threshold=None, experiment_custom_tags=None, verbose=False, system=False, add_to_model_list=True, metrics=None, display=<pycaret.internal.display.display.CommonDisplay object at 0x7f346c767970>, model_only=True, return_train_score=False, error_score=0.0, kwargs={})
2026-01-27 02:03:49,845:INFO:Checking exceptions
2026-01-27 02:03:49,845:INFO:Importing libraries
2026-01-27 02:03:49,845:INFO:Copying training dataset
2026-01-27 02:03:49,855:INFO:Defining folds
2026-01-27 02:03:49,855:INFO:Declaring metric variables
2026-01-27 02:03:49,857:INFO:Importing untrained model
2026-01-27 02:03:49,859:INFO:Orthogonal Matching Pursuit Imported successfully
2026-01-27 02:03:49,863:INFO:Starting cross validation
2026-01-27 02:03:49,863:INFO:Cross validating with KFold(n_splits=10, random_state=None, shuffle=False), n_jobs=-1
2026-01-27 02:03:49,988:INFO:Calculating mean and std
2026-01-27 02:03:49,989:INFO:Creating metrics dataframe
2026-01-27 02:03:49,992:INFO:Uploading results into container
2026-01-27 02:03:49,992:INFO:Uploading model into container now
2026-01-27 02:03:49,992:INFO:_master_model_container: 7
2026-01-27 02:03:49,992:INFO:_display_container: 2
2026-01-27 02:03:49,993:INFO:OrthogonalMatchingPursuit()
2026-01-27 02:03:49,993:INFO:create_model() successfully completed......................................
2026-01-27 02:03:50,145:INFO:SubProcess create_model() end ==================================
2026-01-27 02:03:50,145:INFO:Creating metrics dataframe
2026-01-27 02:03:50,152:INFO:Initializing Bayesian Ridge
2026-01-27 02:03:50,152:INFO:Total runtime is 0.06577790975570678 minutes
2026-01-27 02:03:50,154:INFO:SubProcess create_model() called ==================================
2026-01-27 02:03:50,154:INFO:Initializing create_model()
2026-01-27 02:03:50,155:INFO:create_model(self=<pycaret.regression.oop.RegressionExperiment object at 0x7f346c766590>, estimator=br, fold=KFold(n_splits=10, random_state=None, shuffle=False), round=4, cross_validation=True, predict=True, fit_kwargs={}, groups=None, refit=False, probability_threshold=None, experiment_custom_tags=None, verbose=False, system=False, add_to_model_list=True, metrics=None, display=<pycaret.internal.display.display.CommonDisplay object at 0x7f346c767970>, model_only=True, return_train_score=False, error_score=0.0, kwargs={})
2026-01-27 02:03:50,155:INFO:Checking exceptions
2026-01-27 02:03:50,155:INFO:Importing libraries
2026-01-27 02:03:50,155:INFO:Copying training dataset
2026-01-27 02:03:50,164:INFO:Defining folds
2026-01-27 02:03:50,165:INFO:Declaring metric variables
2026-01-27 02:03:50,167:INFO:Importing untrained model
2026-01-27 02:03:50,169:INFO:Bayesian Ridge Imported successfully
2026-01-27 02:03:50,173:INFO:Starting cross validation
2026-01-27 02:03:50,173:INFO:Cross validating with KFold(n_splits=10, random_state=None, shuffle=False), n_jobs=-1
2026-01-27 02:03:50,295:INFO:Calculating mean and std
2026-01-27 02:03:50,296:INFO:Creating metrics dataframe
2026-01-27 02:03:50,300:INFO:Uploading results into container
2026-01-27 02:03:50,301:INFO:Uploading model into container now
2026-01-27 02:03:50,301:INFO:_master_model_container: 8
2026-01-27 02:03:50,301:INFO:_display_container: 2
2026-01-27 02:03:50,301:INFO:BayesianRidge()
2026-01-27 02:03:50,302:INFO:create_model() successfully completed......................................
2026-01-27 02:03:50,454:INFO:SubProcess create_model() end ==================================
2026-01-27 02:03:50,454:INFO:Creating metrics dataframe
2026-01-27 02:03:50,461:INFO:Initializing Passive Aggressive Regressor
2026-01-27 02:03:50,461:INFO:Total runtime is 0.07092475493748983 minutes
2026-01-27 02:03:50,463:INFO:SubProcess create_model() called ==================================
2026-01-27 02:03:50,463:INFO:Initializing create_model()
2026-01-27 02:03:50,463:INFO:create_model(self=<pycaret.regression.oop.RegressionExperiment object at 0x7f346c766590>, estimator=par, fold=KFold(n_splits=10, random_state=None, shuffle=False), round=4, cross_validation=True, predict=True, fit_kwargs={}, groups=None, refit=False, probability_threshold=None, experiment_custom_tags=None, verbose=False, system=False, add_to_model_list=True, metrics=None, display=<pycaret.internal.display.display.CommonDisplay object at 0x7f346c767970>, model_only=True, return_train_score=False, error_score=0.0, kwargs={})
2026-01-27 02:03:50,463:INFO:Checking exceptions
2026-01-27 02:03:50,463:INFO:Importing libraries
2026-01-27 02:03:50,463:INFO:Copying training dataset
2026-01-27 02:03:50,473:INFO:Defining folds
2026-01-27 02:03:50,473:INFO:Declaring metric variables
2026-01-27 02:03:50,475:INFO:Importing untrained model
2026-01-27 02:03:50,477:INFO:Passive Aggressive Regressor Imported successfully
2026-01-27 02:03:50,481:INFO:Starting cross validation
2026-01-27 02:03:50,482:INFO:Cross validating with KFold(n_splits=10, random_state=None, shuffle=False), n_jobs=-1
2026-01-27 02:03:50,611:INFO:Calculating mean and std
2026-01-27 02:03:50,612:INFO:Creating metrics dataframe
2026-01-27 02:03:50,615:INFO:Uploading results into container
2026-01-27 02:03:50,615:INFO:Uploading model into container now
2026-01-27 02:03:50,615:INFO:_master_model_container: 9
2026-01-27 02:03:50,615:INFO:_display_container: 2
2026-01-27 02:03:50,615:INFO:PassiveAggressiveRegressor(random_state=42)
2026-01-27 02:03:50,615:INFO:create_model() successfully completed......................................
2026-01-27 02:03:50,768:INFO:SubProcess create_model() end ==================================
2026-01-27 02:03:50,768:INFO:Creating metrics dataframe
2026-01-27 02:03:50,775:INFO:Initializing Huber Regressor
2026-01-27 02:03:50,775:INFO:Total runtime is 0.07615985075632731 minutes
2026-01-27 02:03:50,777:INFO:SubProcess create_model() called ==================================
2026-01-27 02:03:50,777:INFO:Initializing create_model()
2026-01-27 02:03:50,777:INFO:create_model(self=<pycaret.regression.oop.RegressionExperiment object at 0x7f346c766590>, estimator=huber, fold=KFold(n_splits=10, random_state=None, shuffle=False), round=4, cross_validation=True, predict=True, fit_kwargs={}, groups=None, refit=False, probability_threshold=None, experiment_custom_tags=None, verbose=False, system=False, add_to_model_list=True, metrics=None, display=<pycaret.internal.display.display.CommonDisplay object at 0x7f346c767970>, model_only=True, return_train_score=False, error_score=0.0, kwargs={})
2026-01-27 02:03:50,777:INFO:Checking exceptions
2026-01-27 02:03:50,777:INFO:Importing libraries
2026-01-27 02:03:50,777:INFO:Copying training dataset
2026-01-27 02:03:50,787:INFO:Defining folds
2026-01-27 02:03:50,787:INFO:Declaring metric variables
2026-01-27 02:03:50,789:INFO:Importing untrained model
2026-01-27 02:03:50,791:INFO:Huber Regressor Imported successfully
2026-01-27 02:03:50,795:INFO:Starting cross validation
2026-01-27 02:03:50,795:INFO:Cross validating with KFold(n_splits=10, random_state=None, shuffle=False), n_jobs=-1
2026-01-27 02:03:51,019:INFO:Calculating mean and std
2026-01-27 02:03:51,020:INFO:Creating metrics dataframe
2026-01-27 02:03:51,023:INFO:Uploading results into container
2026-01-27 02:03:51,023:INFO:Uploading model into container now
2026-01-27 02:03:51,023:INFO:_master_model_container: 10
2026-01-27 02:03:51,023:INFO:_display_container: 2
2026-01-27 02:03:51,023:INFO:HuberRegressor()
2026-01-27 02:03:51,024:INFO:create_model() successfully completed......................................
2026-01-27 02:03:51,183:INFO:SubProcess create_model() end ==================================
2026-01-27 02:03:51,183:INFO:Creating metrics dataframe
2026-01-27 02:03:51,190:INFO:Initializing K Neighbors Regressor
2026-01-27 02:03:51,190:INFO:Total runtime is 0.08307773272196452 minutes
2026-01-27 02:03:51,192:INFO:SubProcess create_model() called ==================================
2026-01-27 02:03:51,192:INFO:Initializing create_model()
2026-01-27 02:03:51,192:INFO:create_model(self=<pycaret.regression.oop.RegressionExperiment object at 0x7f346c766590>, estimator=knn, fold=KFold(n_splits=10, random_state=None, shuffle=False), round=4, cross_validation=True, predict=True, fit_kwargs={}, groups=None, refit=False, probability_threshold=None, experiment_custom_tags=None, verbose=False, system=False, add_to_model_list=True, metrics=None, display=<pycaret.internal.display.display.CommonDisplay object at 0x7f346c767970>, model_only=True, return_train_score=False, error_score=0.0, kwargs={})
2026-01-27 02:03:51,193:INFO:Checking exceptions
2026-01-27 02:03:51,193:INFO:Importing libraries
2026-01-27 02:03:51,193:INFO:Copying training dataset
2026-01-27 02:03:51,202:INFO:Defining folds
2026-01-27 02:03:51,202:INFO:Declaring metric variables
2026-01-27 02:03:51,206:INFO:Importing untrained model
2026-01-27 02:03:51,209:INFO:K Neighbors Regressor Imported successfully
2026-01-27 02:03:51,219:INFO:Starting cross validation
2026-01-27 02:03:51,220:INFO:Cross validating with KFold(n_splits=10, random_state=None, shuffle=False), n_jobs=-1
2026-01-27 02:03:51,448:INFO:Calculating mean and std
2026-01-27 02:03:51,449:INFO:Creating metrics dataframe
2026-01-27 02:03:51,453:INFO:Uploading results into container
2026-01-27 02:03:51,454:INFO:Uploading model into container now
2026-01-27 02:03:51,454:INFO:_master_model_container: 11
2026-01-27 02:03:51,454:INFO:_display_container: 2
2026-01-27 02:03:51,454:INFO:KNeighborsRegressor(n_jobs=-1)
2026-01-27 02:03:51,454:INFO:create_model() successfully completed......................................
2026-01-27 02:03:51,607:INFO:SubProcess create_model() end ==================================
2026-01-27 02:03:51,607:INFO:Creating metrics dataframe
2026-01-27 02:03:51,614:INFO:Initializing Decision Tree Regressor
2026-01-27 02:03:51,614:INFO:Total runtime is 0.09014836549758912 minutes
2026-01-27 02:03:51,616:INFO:SubProcess create_model() called ==================================
2026-01-27 02:03:51,617:INFO:Initializing create_model()
2026-01-27 02:03:51,617:INFO:create_model(self=<pycaret.regression.oop.RegressionExperiment object at 0x7f346c766590>, estimator=dt, fold=KFold(n_splits=10, random_state=None, shuffle=False), round=4, cross_validation=True, predict=True, fit_kwargs={}, groups=None, refit=False, probability_threshold=None, experiment_custom_tags=None, verbose=False, system=False, add_to_model_list=True, metrics=None, display=<pycaret.internal.display.display.CommonDisplay object at 0x7f346c767970>, model_only=True, return_train_score=False, error_score=0.0, kwargs={})
2026-01-27 02:03:51,617:INFO:Checking exceptions
2026-01-27 02:03:51,617:INFO:Importing libraries
2026-01-27 02:03:51,617:INFO:Copying training dataset
2026-01-27 02:03:51,626:INFO:Defining folds
2026-01-27 02:03:51,626:INFO:Declaring metric variables
2026-01-27 02:03:51,629:INFO:Importing untrained model
2026-01-27 02:03:51,631:INFO:Decision Tree Regressor Imported successfully
2026-01-27 02:03:51,634:INFO:Starting cross validation
2026-01-27 02:03:51,635:INFO:Cross validating with KFold(n_splits=10, random_state=None, shuffle=False), n_jobs=-1
2026-01-27 02:03:51,918:INFO:Calculating mean and std
2026-01-27 02:03:51,919:INFO:Creating metrics dataframe
2026-01-27 02:03:51,923:INFO:Uploading results into container
2026-01-27 02:03:51,924:INFO:Uploading model into container now
2026-01-27 02:03:51,924:INFO:_master_model_container: 12
2026-01-27 02:03:51,924:INFO:_display_container: 2
2026-01-27 02:03:51,925:INFO:DecisionTreeRegressor(random_state=42)
2026-01-27 02:03:51,925:INFO:create_model() successfully completed......................................
2026-01-27 02:03:52,076:INFO:SubProcess create_model() end ==================================
2026-01-27 02:03:52,077:INFO:Creating metrics dataframe
2026-01-27 02:03:52,084:INFO:Initializing Random Forest Regressor
2026-01-27 02:03:52,084:INFO:Total runtime is 0.09797682762145997 minutes
2026-01-27 02:03:52,086:INFO:SubProcess create_model() called ==================================
2026-01-27 02:03:52,086:INFO:Initializing create_model()
2026-01-27 02:03:52,086:INFO:create_model(self=<pycaret.regression.oop.RegressionExperiment object at 0x7f346c766590>, estimator=rf, fold=KFold(n_splits=10, random_state=None, shuffle=False), round=4, cross_validation=True, predict=True, fit_kwargs={}, groups=None, refit=False, probability_threshold=None, experiment_custom_tags=None, verbose=False, system=False, add_to_model_list=True, metrics=None, display=<pycaret.internal.display.display.CommonDisplay object at 0x7f346c767970>, model_only=True, return_train_score=False, error_score=0.0, kwargs={})
2026-01-27 02:03:52,087:INFO:Checking exceptions
2026-01-27 02:03:52,087:INFO:Importing libraries
2026-01-27 02:03:52,087:INFO:Copying training dataset
2026-01-27 02:03:52,096:INFO:Defining folds
2026-01-27 02:03:52,096:INFO:Declaring metric variables
2026-01-27 02:03:52,098:INFO:Importing untrained model
2026-01-27 02:03:52,101:INFO:Random Forest Regressor Imported successfully
2026-01-27 02:03:52,105:INFO:Starting cross validation
2026-01-27 02:03:52,105:INFO:Cross validating with KFold(n_splits=10, random_state=None, shuffle=False), n_jobs=-1
2026-01-27 02:04:10,343:INFO:Calculating mean and std
2026-01-27 02:04:10,344:INFO:Creating metrics dataframe
2026-01-27 02:04:10,348:INFO:Uploading results into container
2026-01-27 02:04:10,349:INFO:Uploading model into container now
2026-01-27 02:04:10,350:INFO:_master_model_container: 13
2026-01-27 02:04:10,350:INFO:_display_container: 2
2026-01-27 02:04:10,350:INFO:RandomForestRegressor(n_jobs=-1, random_state=42)
2026-01-27 02:04:10,350:INFO:create_model() successfully completed......................................
2026-01-27 02:04:10,509:INFO:SubProcess create_model() end ==================================
2026-01-27 02:04:10,509:INFO:Creating metrics dataframe
2026-01-27 02:04:10,517:INFO:Initializing Extra Trees Regressor
2026-01-27 02:04:10,517:INFO:Total runtime is 0.4051898002624512 minutes
2026-01-27 02:04:10,519:INFO:SubProcess create_model() called ==================================
2026-01-27 02:04:10,519:INFO:Initializing create_model()
2026-01-27 02:04:10,519:INFO:create_model(self=<pycaret.regression.oop.RegressionExperiment object at 0x7f346c766590>, estimator=et, fold=KFold(n_splits=10, random_state=None, shuffle=False), round=4, cross_validation=True, predict=True, fit_kwargs={}, groups=None, refit=False, probability_threshold=None, experiment_custom_tags=None, verbose=False, system=False, add_to_model_list=True, metrics=None, display=<pycaret.internal.display.display.CommonDisplay object at 0x7f346c767970>, model_only=True, return_train_score=False, error_score=0.0, kwargs={})
2026-01-27 02:04:10,519:INFO:Checking exceptions
2026-01-27 02:04:10,519:INFO:Importing libraries
2026-01-27 02:04:10,519:INFO:Copying training dataset
2026-01-27 02:04:10,529:INFO:Defining folds
2026-01-27 02:04:10,529:INFO:Declaring metric variables
2026-01-27 02:04:10,531:INFO:Importing untrained model
2026-01-27 02:04:10,533:INFO:Extra Trees Regressor Imported successfully
2026-01-27 02:04:10,537:INFO:Starting cross validation
2026-01-27 02:04:10,537:INFO:Cross validating with KFold(n_splits=10, random_state=None, shuffle=False), n_jobs=-1
2026-01-27 02:04:19,626:INFO:Calculating mean and std
2026-01-27 02:04:19,627:INFO:Creating metrics dataframe
2026-01-27 02:04:19,633:INFO:Uploading results into container
2026-01-27 02:04:19,633:INFO:Uploading model into container now
2026-01-27 02:04:19,634:INFO:_master_model_container: 14
2026-01-27 02:04:19,634:INFO:_display_container: 2
2026-01-27 02:04:19,634:INFO:ExtraTreesRegressor(n_jobs=-1, random_state=42)
2026-01-27 02:04:19,634:INFO:create_model() successfully completed......................................
2026-01-27 02:04:19,848:INFO:SubProcess create_model() end ==================================
2026-01-27 02:04:19,848:INFO:Creating metrics dataframe
2026-01-27 02:04:19,856:INFO:Initializing AdaBoost Regressor
2026-01-27 02:04:19,857:INFO:Total runtime is 0.5608518878618877 minutes
2026-01-27 02:04:19,859:INFO:SubProcess create_model() called ==================================
2026-01-27 02:04:19,859:INFO:Initializing create_model()
2026-01-27 02:04:19,859:INFO:create_model(self=<pycaret.regression.oop.RegressionExperiment object at 0x7f346c766590>, estimator=ada, fold=KFold(n_splits=10, random_state=None, shuffle=False), round=4, cross_validation=True, predict=True, fit_kwargs={}, groups=None, refit=False, probability_threshold=None, experiment_custom_tags=None, verbose=False, system=False, add_to_model_list=True, metrics=None, display=<pycaret.internal.display.display.CommonDisplay object at 0x7f346c767970>, model_only=True, return_train_score=False, error_score=0.0, kwargs={})
2026-01-27 02:04:19,859:INFO:Checking exceptions
2026-01-27 02:04:19,859:INFO:Importing libraries
2026-01-27 02:04:19,859:INFO:Copying training dataset
2026-01-27 02:04:19,869:INFO:Defining folds
2026-01-27 02:04:19,869:INFO:Declaring metric variables
2026-01-27 02:04:19,872:INFO:Importing untrained model
2026-01-27 02:04:19,874:INFO:AdaBoost Regressor Imported successfully
2026-01-27 02:04:19,879:INFO:Starting cross validation
2026-01-27 02:04:19,881:INFO:Cross validating with KFold(n_splits=10, random_state=None, shuffle=False), n_jobs=-1
2026-01-27 02:04:21,037:INFO:Calculating mean and std
2026-01-27 02:04:21,038:INFO:Creating metrics dataframe
2026-01-27 02:04:21,042:INFO:Uploading results into container
2026-01-27 02:04:21,043:INFO:Uploading model into container now
2026-01-27 02:04:21,043:INFO:_master_model_container: 15
2026-01-27 02:04:21,044:INFO:_display_container: 2
2026-01-27 02:04:21,044:INFO:AdaBoostRegressor(random_state=42)
2026-01-27 02:04:21,044:INFO:create_model() successfully completed......................................
2026-01-27 02:04:21,197:INFO:SubProcess create_model() end ==================================
2026-01-27 02:04:21,198:INFO:Creating metrics dataframe
2026-01-27 02:04:21,205:INFO:Initializing Gradient Boosting Regressor
2026-01-27 02:04:21,206:INFO:Total runtime is 0.5833343148231507 minutes
2026-01-27 02:04:21,208:INFO:SubProcess create_model() called ==================================
2026-01-27 02:04:21,208:INFO:Initializing create_model()
2026-01-27 02:04:21,208:INFO:create_model(self=<pycaret.regression.oop.RegressionExperiment object at 0x7f346c766590>, estimator=gbr, fold=KFold(n_splits=10, random_state=None, shuffle=False), round=4, cross_validation=True, predict=True, fit_kwargs={}, groups=None, refit=False, probability_threshold=None, experiment_custom_tags=None, verbose=False, system=False, add_to_model_list=True, metrics=None, display=<pycaret.internal.display.display.CommonDisplay object at 0x7f346c767970>, model_only=True, return_train_score=False, error_score=0.0, kwargs={})
2026-01-27 02:04:21,208:INFO:Checking exceptions
2026-01-27 02:04:21,208:INFO:Importing libraries
2026-01-27 02:04:21,208:INFO:Copying training dataset
2026-01-27 02:04:21,217:INFO:Defining folds
2026-01-27 02:04:21,218:INFO:Declaring metric variables
2026-01-27 02:04:21,220:INFO:Importing untrained model
2026-01-27 02:04:21,222:INFO:Gradient Boosting Regressor Imported successfully
2026-01-27 02:04:21,226:INFO:Starting cross validation
2026-01-27 02:04:21,226:INFO:Cross validating with KFold(n_splits=10, random_state=None, shuffle=False), n_jobs=-1
2026-01-27 02:04:24,804:INFO:Calculating mean and std
2026-01-27 02:04:24,806:INFO:Creating metrics dataframe
2026-01-27 02:04:24,810:INFO:Uploading results into container
2026-01-27 02:04:24,810:INFO:Uploading model into container now
2026-01-27 02:04:24,811:INFO:_master_model_container: 16
2026-01-27 02:04:24,811:INFO:_display_container: 2
2026-01-27 02:04:24,811:INFO:GradientBoostingRegressor(random_state=42)
2026-01-27 02:04:24,811:INFO:create_model() successfully completed......................................
2026-01-27 02:04:24,971:INFO:SubProcess create_model() end ==================================
2026-01-27 02:04:24,971:INFO:Creating metrics dataframe
2026-01-27 02:04:24,979:INFO:Initializing Extreme Gradient Boosting
2026-01-27 02:04:24,979:INFO:Total runtime is 0.6462248841921489 minutes
2026-01-27 02:04:24,981:INFO:SubProcess create_model() called ==================================
2026-01-27 02:04:24,981:INFO:Initializing create_model()
2026-01-27 02:04:24,981:INFO:create_model(self=<pycaret.regression.oop.RegressionExperiment object at 0x7f346c766590>, estimator=xgboost, fold=KFold(n_splits=10, random_state=None, shuffle=False), round=4, cross_validation=True, predict=True, fit_kwargs={}, groups=None, refit=False, probability_threshold=None, experiment_custom_tags=None, verbose=False, system=False, add_to_model_list=True, metrics=None, display=<pycaret.internal.display.display.CommonDisplay object at 0x7f346c767970>, model_only=True, return_train_score=False, error_score=0.0, kwargs={})
2026-01-27 02:04:24,981:INFO:Checking exceptions
2026-01-27 02:04:24,981:INFO:Importing libraries
2026-01-27 02:04:24,981:INFO:Copying training dataset
2026-01-27 02:04:24,991:INFO:Defining folds
2026-01-27 02:04:24,991:INFO:Declaring metric variables
2026-01-27 02:04:24,993:INFO:Importing untrained model
2026-01-27 02:04:24,996:INFO:Extreme Gradient Boosting Imported successfully
2026-01-27 02:04:24,999:INFO:Starting cross validation
2026-01-27 02:04:25,000:INFO:Cross validating with KFold(n_splits=10, random_state=None, shuffle=False), n_jobs=-1
2026-01-27 02:04:26,982:INFO:Calculating mean and std
2026-01-27 02:04:26,983:INFO:Creating metrics dataframe
2026-01-27 02:04:26,987:INFO:Uploading results into container
2026-01-27 02:04:26,988:INFO:Uploading model into container now
2026-01-27 02:04:26,988:INFO:_master_model_container: 17
2026-01-27 02:04:26,988:INFO:_display_container: 2
2026-01-27 02:04:26,989:INFO:XGBRegressor(base_score=None, booster='gbtree', callbacks=None,
             colsample_bylevel=None, colsample_bynode=None,
             colsample_bytree=None, early_stopping_rounds=None,
             enable_categorical=False, eval_metric=None, gamma=None,
             gpu_id=None, grow_policy=None, importance_type=None,
             interaction_constraints=None, learning_rate=None, max_bin=None,
             max_cat_to_onehot=None, max_delta_step=None, max_depth=None,
             max_leaves=None, min_child_weight=None, missing=nan,
             monotone_constraints=None, n_estimators=100, n_jobs=-1,
             num_parallel_tree=None, predictor=None, random_state=42,
             reg_alpha=None, reg_lambda=None, ...)
2026-01-27 02:04:26,989:INFO:create_model() successfully completed......................................
2026-01-27 02:04:27,163:INFO:SubProcess create_model() end ==================================
2026-01-27 02:04:27,163:INFO:Creating metrics dataframe
2026-01-27 02:04:27,172:INFO:Initializing Light Gradient Boosting Machine
2026-01-27 02:04:27,172:INFO:Total runtime is 0.6827770113945008 minutes
2026-01-27 02:04:27,174:INFO:SubProcess create_model() called ==================================
2026-01-27 02:04:27,174:INFO:Initializing create_model()
2026-01-27 02:04:27,174:INFO:create_model(self=<pycaret.regression.oop.RegressionExperiment object at 0x7f346c766590>, estimator=lightgbm, fold=KFold(n_splits=10, random_state=None, shuffle=False), round=4, cross_validation=True, predict=True, fit_kwargs={}, groups=None, refit=False, probability_threshold=None, experiment_custom_tags=None, verbose=False, system=False, add_to_model_list=True, metrics=None, display=<pycaret.internal.display.display.CommonDisplay object at 0x7f346c767970>, model_only=True, return_train_score=False, error_score=0.0, kwargs={})
2026-01-27 02:04:27,174:INFO:Checking exceptions
2026-01-27 02:04:27,175:INFO:Importing libraries
2026-01-27 02:04:27,175:INFO:Copying training dataset
2026-01-27 02:04:27,184:INFO:Defining folds
2026-01-27 02:04:27,184:INFO:Declaring metric variables
2026-01-27 02:04:27,187:INFO:Importing untrained model
2026-01-27 02:04:27,189:INFO:Light Gradient Boosting Machine Imported successfully
2026-01-27 02:04:27,193:INFO:Starting cross validation
2026-01-27 02:04:27,193:INFO:Cross validating with KFold(n_splits=10, random_state=None, shuffle=False), n_jobs=-1
2026-01-27 02:04:34,696:INFO:Calculating mean and std
2026-01-27 02:04:34,698:INFO:Creating metrics dataframe
2026-01-27 02:04:34,702:INFO:Uploading results into container
2026-01-27 02:04:34,702:INFO:Uploading model into container now
2026-01-27 02:04:34,703:INFO:_master_model_container: 18
2026-01-27 02:04:34,703:INFO:_display_container: 2
2026-01-27 02:04:34,703:INFO:LGBMRegressor(n_jobs=-1, random_state=42)
2026-01-27 02:04:34,703:INFO:create_model() successfully completed......................................
2026-01-27 02:04:34,855:INFO:SubProcess create_model() end ==================================
2026-01-27 02:04:34,855:INFO:Creating metrics dataframe
2026-01-27 02:04:34,863:INFO:Initializing CatBoost Regressor
2026-01-27 02:04:34,863:INFO:Total runtime is 0.810962994893392 minutes
2026-01-27 02:04:34,865:INFO:SubProcess create_model() called ==================================
2026-01-27 02:04:34,865:INFO:Initializing create_model()
2026-01-27 02:04:34,865:INFO:create_model(self=<pycaret.regression.oop.RegressionExperiment object at 0x7f346c766590>, estimator=catboost, fold=KFold(n_splits=10, random_state=None, shuffle=False), round=4, cross_validation=True, predict=True, fit_kwargs={}, groups=None, refit=False, probability_threshold=None, experiment_custom_tags=None, verbose=False, system=False, add_to_model_list=True, metrics=None, display=<pycaret.internal.display.display.CommonDisplay object at 0x7f346c767970>, model_only=True, return_train_score=False, error_score=0.0, kwargs={})
2026-01-27 02:04:34,865:INFO:Checking exceptions
2026-01-27 02:04:34,865:INFO:Importing libraries
2026-01-27 02:04:34,865:INFO:Copying training dataset
2026-01-27 02:04:34,875:INFO:Defining folds
2026-01-27 02:04:34,875:INFO:Declaring metric variables
2026-01-27 02:04:34,877:INFO:Importing untrained model
2026-01-27 02:04:34,879:INFO:CatBoost Regressor Imported successfully
2026-01-27 02:04:34,883:INFO:Starting cross validation
2026-01-27 02:04:34,884:INFO:Cross validating with KFold(n_splits=10, random_state=None, shuffle=False), n_jobs=-1
2026-01-27 02:05:16,398:INFO:Calculating mean and std
2026-01-27 02:05:16,399:INFO:Creating metrics dataframe
2026-01-27 02:05:16,403:INFO:Uploading results into container
2026-01-27 02:05:16,403:INFO:Uploading model into container now
2026-01-27 02:05:16,404:INFO:_master_model_container: 19
2026-01-27 02:05:16,404:INFO:_display_container: 2
2026-01-27 02:05:16,404:INFO:<catboost.core.CatBoostRegressor object at 0x7f346c7650f0>
2026-01-27 02:05:16,404:INFO:create_model() successfully completed......................................
2026-01-27 02:05:16,557:INFO:SubProcess create_model() end ==================================
2026-01-27 02:05:16,557:INFO:Creating metrics dataframe
2026-01-27 02:05:16,566:INFO:Initializing Dummy Regressor
2026-01-27 02:05:16,566:INFO:Total runtime is 1.5060050249099732 minutes
2026-01-27 02:05:16,568:INFO:SubProcess create_model() called ==================================
2026-01-27 02:05:16,568:INFO:Initializing create_model()
2026-01-27 02:05:16,568:INFO:create_model(self=<pycaret.regression.oop.RegressionExperiment object at 0x7f346c766590>, estimator=dummy, fold=KFold(n_splits=10, random_state=None, shuffle=False), round=4, cross_validation=True, predict=True, fit_kwargs={}, groups=None, refit=False, probability_threshold=None, experiment_custom_tags=None, verbose=False, system=False, add_to_model_list=True, metrics=None, display=<pycaret.internal.display.display.CommonDisplay object at 0x7f346c767970>, model_only=True, return_train_score=False, error_score=0.0, kwargs={})
2026-01-27 02:05:16,568:INFO:Checking exceptions
2026-01-27 02:05:16,568:INFO:Importing libraries
2026-01-27 02:05:16,568:INFO:Copying training dataset
2026-01-27 02:05:16,578:INFO:Defining folds
2026-01-27 02:05:16,578:INFO:Declaring metric variables
2026-01-27 02:05:16,580:INFO:Importing untrained model
2026-01-27 02:05:16,582:INFO:Dummy Regressor Imported successfully
2026-01-27 02:05:16,585:INFO:Starting cross validation
2026-01-27 02:05:16,586:INFO:Cross validating with KFold(n_splits=10, random_state=None, shuffle=False), n_jobs=-1
2026-01-27 02:05:16,704:INFO:Calculating mean and std
2026-01-27 02:05:16,706:INFO:Creating metrics dataframe
2026-01-27 02:05:16,709:INFO:Uploading results into container
2026-01-27 02:05:16,710:INFO:Uploading model into container now
2026-01-27 02:05:16,710:INFO:_master_model_container: 20
2026-01-27 02:05:16,711:INFO:_display_container: 2
2026-01-27 02:05:16,711:INFO:DummyRegressor()
2026-01-27 02:05:16,711:INFO:create_model() successfully completed......................................
2026-01-27 02:05:16,865:INFO:SubProcess create_model() end ==================================
2026-01-27 02:05:16,865:INFO:Creating metrics dataframe
2026-01-27 02:05:16,882:INFO:Initializing create_model()
2026-01-27 02:05:16,882:INFO:create_model(self=<pycaret.regression.oop.RegressionExperiment object at 0x7f346c766590>, estimator=XGBRegressor(base_score=None, booster='gbtree', callbacks=None,
             colsample_bylevel=None, colsample_bynode=None,
             colsample_bytree=None, early_stopping_rounds=None,
             enable_categorical=False, eval_metric=None, gamma=None,
             gpu_id=None, grow_policy=None, importance_type=None,
             interaction_constraints=None, learning_rate=None, max_bin=None,
             max_cat_to_onehot=None, max_delta_step=None, max_depth=None,
             max_leaves=None, min_child_weight=None, missing=nan,
             monotone_constraints=None, n_estimators=100, n_jobs=-1,
             num_parallel_tree=None, predictor=None, random_state=42,
             reg_alpha=None, reg_lambda=None, ...), fold=KFold(n_splits=10, random_state=None, shuffle=False), round=4, cross_validation=False, predict=False, fit_kwargs={}, groups=None, refit=True, probability_threshold=None, experiment_custom_tags=None, verbose=False, system=False, add_to_model_list=True, metrics=None, display=None, model_only=True, return_train_score=False, error_score=0.0, kwargs={})
2026-01-27 02:05:16,882:INFO:Checking exceptions
2026-01-27 02:05:16,884:INFO:Importing libraries
2026-01-27 02:05:16,884:INFO:Copying training dataset
2026-01-27 02:05:16,896:INFO:Defining folds
2026-01-27 02:05:16,896:INFO:Declaring metric variables
2026-01-27 02:05:16,896:INFO:Importing untrained model
2026-01-27 02:05:16,896:INFO:Declaring custom model
2026-01-27 02:05:16,897:INFO:Extreme Gradient Boosting Imported successfully
2026-01-27 02:05:16,897:INFO:Cross validation set to False
2026-01-27 02:05:16,897:INFO:Fitting Model
2026-01-27 02:05:17,744:INFO:XGBRegressor(base_score=0.5, booster='gbtree', callbacks=None,
             colsample_bylevel=1, colsample_bynode=1, colsample_bytree=1,
             early_stopping_rounds=None, enable_categorical=False,
             eval_metric=None, gamma=0, gpu_id=-1, grow_policy='depthwise',
             importance_type=None, interaction_constraints='',
             learning_rate=0.300000012, max_bin=256, max_cat_to_onehot=4,
             max_delta_step=0, max_depth=6, max_leaves=0, min_child_weight=1,
             missing=nan, monotone_constraints='()', n_estimators=100,
             n_jobs=-1, num_parallel_tree=1, predictor='auto', random_state=42,
             reg_alpha=0, reg_lambda=1, ...)
2026-01-27 02:05:17,744:INFO:create_model() successfully completed......................................
2026-01-27 02:05:17,917:INFO:_master_model_container: 20
2026-01-27 02:05:17,917:INFO:_display_container: 2
2026-01-27 02:05:17,919:INFO:XGBRegressor(base_score=0.5, booster='gbtree', callbacks=None,
             colsample_bylevel=1, colsample_bynode=1, colsample_bytree=1,
             early_stopping_rounds=None, enable_categorical=False,
             eval_metric=None, gamma=0, gpu_id=-1, grow_policy='depthwise',
             importance_type=None, interaction_constraints='',
             learning_rate=0.300000012, max_bin=256, max_cat_to_onehot=4,
             max_delta_step=0, max_depth=6, max_leaves=0, min_child_weight=1,
             missing=nan, monotone_constraints='()', n_estimators=100,
             n_jobs=-1, num_parallel_tree=1, predictor='auto', random_state=42,
             reg_alpha=0, reg_lambda=1, ...)
2026-01-27 02:05:17,919:INFO:compare_models() successfully completed......................................
